0, 1, 0.999877, 0.9999, 2.77778e-06, 1, 0.000245556, 0.000117222, 0, 0, 0, 1, 3.33333e-05, 2.77778e-05, 0, 0.00431333, 0, 0, 0, 0, 0, 1, 0.000511111, 0.000517222, 0, 0.0748728, 0, 0, 0, 0, 0, 0.00594444, 0, 0, 0, 0, 0, 0, 0, 0, 0, 0.000167222, 0, 0, 0, 0, 0, 0, 0, 0, 0, 
1, 1, 1, 1, 0.000134444, 1, 0.0192522, 0.00956333, 0, 3.61111e-05, 0, 1, 0.00225389, 0.00228056, 0, 0.285555, 5.55556e-07, 5.55556e-07, 0, 0, 0, 1, 0.0397339, 0.0399883, 0, 0.997659, 6.11111e-06, 6.66667e-06, 0, 0, 0, 0.375687, 5.55556e-07, 2.22222e-06, 0, 9.72222e-05, 0, 0, 0, 0, 0, 0.0130533, 0, 0, 0, 2.77778e-06, 0, 0, 0, 0, 0, 
2, 1, 1, 1, 0.000394444, 1, 0.05633, 0.0281989, 5.55556e-07, 0.00011, 0, 1, 0.00674833, 0.00673722, 0, 0.630733, 1.66667e-06, 1.66667e-06, 0, 0, 0, 1, 0.114043, 0.113251, 0, 1, 3.55556e-05, 2.11111e-05, 0, 0, 0, 0.751397, 1.11111e-06, 5.55556e-06, 0, 0.000448333, 0, 0, 0, 0, 0, 0.0380767, 0, 5.55556e-07, 0, 1.05556e-05, 0, 0, 0, 0, 0, 
3, 1, 1, 1, 0.000830556, 1, 0.118341, 0.0595239, 5.55556e-07, 0.000227222, 0, 1, 0.0145372, 0.0143022, 0, 0.882131, 6.11111e-06, 5e-06, 0, 0, 0, 1, 0.231996, 0.227389, 0, 1, 0.000102222, 6.44444e-05, 0, 0, 0, 0.949546, 6.66667e-06, 1.22222e-05, 0, 0.00142333, 5.55556e-07, 0, 0, 0, 0, 0.0798222, 0, 5.55556e-07, 0, 3.33333e-05, 0, 0, 0, 0, 0, 
4, 1, 1, 1, 0.00149111, 1, 0.198202, 0.101208, 5.55556e-07, 0.000387778, 0, 1, 0.0254528, 0.0245172, 0, 0.975468, 1.55556e-05, 1.22222e-05, 0, 0, 0, 1, 0.37169, 0.360976, 5.55556e-07, 1, 0.000283333, 0.000132778, 0, 1.11111e-06, 0, 0.994454, 2.05556e-05, 2.44444e-05, 0, 0.00328056, 5.55556e-07, 0, 0, 0, 0, 0.134281, 0, 1.11111e-06, 0, 8.33333e-05, 0, 0, 0, 0, 0, 
5, 1, 1, 1, 0.00241833, 1, 0.301191, 0.156847, 1.11111e-06, 0.000599444, 0, 1, 0.0408878, 0.0389706, 0, 0.997378, 3e-05, 1.44444e-05, 0, 0, 0, 1, 0.529441, 0.511767, 2.77778e-06, 1, 0.000578333, 0.000261111, 0, 1.11111e-06, 0, 0.999758, 5.44444e-05, 4.77778e-05, 0, 0.00675167, 5.55556e-07, 0, 0, 0, 0, 0.205845, 1.66667e-06, 1.66667e-06, 0, 0.000183333, 0, 0, 0, 0, 0, 
6, 1, 1, 1, 0.00344944, 1, 0.402096, 0.214901, 2.22222e-06, 0.000842222, 0, 1, 0.05825, 0.0546894, 0, 0.999782, 5.16667e-05, 2.55556e-05, 0, 0, 0, 1, 0.661253, 0.638113, 5.55556e-06, 1, 0.000992222, 0.000432222, 0, 1.11111e-06, 0, 0.99999, 9.44444e-05, 8.61111e-05, 0, 0.011625, 5.55556e-07, 0, 0, 0, 0, 0.278374, 4.44444e-06, 1.66667e-06, 0, 0.000311667, 0, 0, 0, 0, 0, 
7, 1, 1, 1, 0.00469944, 1, 0.50464, 0.277997, 2.77778e-06, 0.00112722, 0, 1, 0.0785978, 0.0729533, 5.55556e-07, 0.999988, 8.55556e-05, 3.27778e-05, 0, 0, 0, 1, 0.771559, 0.745406, 1.11111e-05, 1, 0.00155778, 0.000657778, 0, 1.11111e-06, 0, 0.999999, 0.000145, 0.000136111, 0, 0.018515, 5.55556e-07, 0, 0, 0, 0, 0.355353, 6.66667e-06, 3.33333e-06, 0, 0.000478889, 0, 0, 0, 0, 0, 
8, 1, 1, 1, 0.00614111, 1, 0.602131, 0.343582, 3.33333e-06, 0.00144611, 0, 1, 0.101863, 0.0934544, 1.11111e-06, 0.999999, 0.000126667, 5.11111e-05, 0, 5.55556e-07, 0, 1, 0.856076, 0.829725, 1.66667e-05, 1, 0.00232556, 0.000964444, 0, 3.88889e-06, 0, 1, 0.000203333, 0.000198889, 0, 0.0278622, 5.55556e-07, 0, 0, 0, 0, 0.433434, 8.88889e-06, 6.11111e-06, 0, 0.000765556, 0, 0, 0, 0, 0, 
9, 1, 1, 1, 0.00775556, 1, 0.691703, 0.410802, 5e-06, 0.001815, 0, 1, 0.127846, 0.116114, 1.66667e-06, 1, 0.000179444, 7.55556e-05, 0, 5.55556e-07, 0, 1, 0.915398, 0.891784, 2.38889e-05, 1, 0.00333556, 0.00137889, 0, 4.44444e-06, 0, 1, 0.000305556, 0.000271111, 0, 0.040055, 2.22222e-06, 0, 0, 0, 0, 0.510079, 1.11111e-05, 8.33333e-06, 0, 0.001115, 0, 0, 0, 0, 0, 
10, 1, 1, 1, 0.00966556, 1, 0.769146, 0.477593, 7.22222e-06, 0.00222222, 0, 1, 0.156581, 0.140678, 2.22222e-06, 1, 0.000258333, 0.000102778, 0, 1.11111e-06, 0, 1, 0.953757, 0.934749, 2.88889e-05, 1, 0.00461722, 0.00188, 0, 5e-06, 0, 1, 0.000425556, 0.000373889, 0, 0.0557761, 2.77778e-06, 0, 0, 0, 0, 0.583883, 1.38889e-05, 1.33333e-05, 0, 0.00154667, 0, 0, 0, 0, 0, 
11, 1, 1, 1, 0.0117861, 1, 0.83317, 0.542554, 1.38889e-05, 0.00266278, 0, 1, 0.187934, 0.166901, 2.22222e-06, 1, 0.000348889, 0.000142778, 0, 1.66667e-06, 0, 1, 0.976742, 0.962377, 3.83333e-05, 1, 0.00618778, 0.00250222, 0, 6.11111e-06, 0, 1, 0.000592778, 0.000502222, 0, 0.0753767, 2.77778e-06, 0, 0, 0, 0, 0.652371, 1.88889e-05, 1.83333e-05, 0, 0.00209167, 0, 0, 0, 0, 0, 
12, 1, 1, 1, 0.0142006, 1, 0.884248, 0.604324, 1.77778e-05, 0.00314, 0, 1, 0.221941, 0.194581, 2.77778e-06, 1, 0.000461667, 0.000176667, 0, 2.77778e-06, 0, 1, 0.989208, 0.979603, 5.11111e-05, 1, 0.00815222, 0.00324667, 0, 6.66667e-06, 0, 1, 0.000806111, 0.000683333, 0, 0.0994583, 2.77778e-06, 0, 0, 0, 0, 0.714212, 2.27778e-05, 2.22222e-05, 0, 0.00280556, 0, 0, 0, 0, 0, 
13, 1, 1, 1, 0.0168278, 1, 0.92283, 0.661787, 2.11111e-05, 0.00365278, 0, 1, 0.257773, 0.22355, 3.33333e-06, 1, 0.000583889, 0.000217222, 0, 2.77778e-06, 0, 1, 0.995381, 0.989408, 6.55556e-05, 1, 0.0106, 0.00412222, 0, 1.11111e-05, 0, 1, 0.00107222, 0.000901667, 0, 0.128047, 3.33333e-06, 1.11111e-06, 0, 0, 0, 0.768706, 3.11111e-05, 2.61111e-05, 0, 0.00364111, 0, 0, 0, 0, 0, 
14, 1, 1, 1, 0.0198078, 1, 0.950666, 0.714272, 2.38889e-05, 0.00421222, 0, 1, 0.295459, 0.253497, 4.44444e-06, 1, 0.000750556, 0.00027, 0, 3.88889e-06, 0, 1, 0.99819, 0.994872, 8.44444e-05, 1, 0.0134111, 0.00511, 0, 1.55556e-05, 0, 1, 0.00140333, 0.00115944, 0, 0.162104, 4.44444e-06, 1.11111e-06, 0, 0, 0, 0.816097, 4.05556e-05, 3.61111e-05, 0, 0.00474278, 0, 0, 0, 0, 0, 
15, 1, 1, 1, 0.0230117, 1, 0.969748, 0.761681, 3.22222e-05, 0.00483889, 0, 1, 0.334805, 0.284363, 5e-06, 1, 0.000954444, 0.000335, 0, 3.88889e-06, 0, 1, 0.99935, 0.997625, 0.000105556, 1, 0.0167939, 0.00625556, 0, 1.77778e-05, 0, 1, 0.00182, 0.00148389, 0, 0.202102, 6.11111e-06, 1.66667e-06, 0, 0, 0, 0.856321, 4.83333e-05, 4.61111e-05, 0, 0.00609444, 0, 0, 0, 0, 0, 
16, 1, 1, 1, 0.0264978, 1, 0.982281, 0.803553, 3.77778e-05, 0.00546889, 0, 1, 0.375174, 0.315808, 6.11111e-06, 1, 0.00117667, 0.000412778, 0, 3.88889e-06, 0, 1, 0.999803, 0.998969, 0.000128889, 1, 0.0208111, 0.00756667, 0, 2.11111e-05, 0, 1, 0.00232111, 0.00188833, 0, 0.248307, 7.77778e-06, 2.77778e-06, 0, 0, 0, 0.889652, 6.16667e-05, 5.72222e-05, 0, 0.00765778, 0, 0, 0, 0, 0, 
17, 1, 1, 1, 0.0302833, 1, 0.990146, 0.840144, 4.38889e-05, 0.00615222, 0, 1, 0.416393, 0.347858, 7.22222e-06, 1, 0.00143056, 0.000493889, 0, 4.44444e-06, 0, 1, 0.999944, 0.999581, 0.000161111, 1, 0.0254894, 0.00902278, 0, 2.44444e-05, 0, 1, 0.00293389, 0.00237556, 0, 0.300784, 1.05556e-05, 3.88889e-06, 0, 0, 0, 0.916567, 7.66667e-05, 7.05556e-05, 0, 0.00968889, 0, 0, 0, 0, 0, 
18, 1, 1, 1, 0.0345522, 1, 0.994769, 0.871432, 5.22222e-05, 0.006875, 0, 1, 0.458352, 0.380284, 8.33333e-06, 1, 0.00174222, 0.000588333, 0, 5e-06, 0, 1, 0.999986, 0.999832, 0.000200556, 1, 0.0307872, 0.0106606, 0, 2.83333e-05, 0, 1, 0.00364333, 0.002995, 0, 0.359558, 1.61111e-05, 4.44444e-06, 0, 0, 0, 0.937832, 9.77778e-05, 8.66667e-05, 0, 0.0120906, 5.55556e-07, 0, 0, 0, 0, 
19, 1, 1, 1, 0.0386422, 1, 0.997184, 0.895289, 6.05556e-05, 0.00760278, 0, 1, 0.496319, 0.409626, 1.27778e-05, 1, 0.00206, 0.000672222, 0, 6.11111e-06, 0, 1, 0.999994, 0.999936, 0.000242778, 1, 0.0362256, 0.01236, 5.55556e-07, 3.22222e-05, 0, 1, 0.00443889, 0.00365111, 0, 0.417174, 1.94444e-05, 7.22222e-06, 0, 0, 0, 0.952742, 0.000118333, 0.000106667, 0, 0.01463, 5.55556e-07, 0, 0, 0, 0, 
20, 1, 1, 1, 0.0435061, 1, 0.99867, 0.917543, 6.94444e-05, 0.00835944, 0, 1, 0.538321, 0.441965, 1.77778e-05, 1, 0.00245167, 0.000790556, 0, 7.22222e-06, 0, 1, 0.999999, 0.999974, 0.000294444, 1, 0.0430833, 0.0143606, 5.55556e-07, 3.88889e-05, 0, 1, 0.00555389, 0.00452722, 0, 0.485429, 2.55556e-05, 7.77778e-06, 0, 0, 0, 0.965803, 0.000147222, 0.000132222, 0, 0.0180444, 5.55556e-07, 1.11111e-06, 0, 0, 0, 
21, 1, 1, 1, 0.0486061, 1, 0.999419, 0.936036, 8e-05, 0.00917556, 0, 1, 0.580128, 0.474009, 2.11111e-05, 1, 0.00290611, 0.000916667, 0, 7.77778e-06, 0, 1, 1, 0.999992, 0.000344444, 1, 0.0508211, 0.0165433, 5.55556e-07, 4.55556e-05, 0, 1, 0.00691, 0.00554222, 0, 0.556933, 3.33333e-05, 1.11111e-05, 0, 0, 0, 0.975644, 0.000178333, 0.000155, 0, 0.0221383, 1.66667e-06, 1.11111e-06, 0, 0, 0, 
22, 1, 1, 1, 0.05418, 1, 0.999762, 0.951062, 9.88889e-05, 0.0100372, 0, 1, 0.620914, 0.505491, 2.5e-05, 1, 0.00342, 0.00106111, 0, 8.33333e-06, 0, 1, 1, 0.999998, 0.000396111, 1, 0.0595733, 0.01899, 1.11111e-06, 5.22222e-05, 0, 1, 0.00838611, 0.00677667, 0, 0.629573, 4.5e-05, 1.44444e-05, 0, 0, 0, 0.982972, 0.000221667, 0.000182778, 0, 0.0270172, 1.66667e-06, 1.11111e-06, 0, 0, 0, 
23, 1, 1, 1, 0.0602122, 1, 0.999899, 0.962987, 0.000118889, 0.0109272, 0, 1, 0.660293, 0.5364, 2.66667e-05, 1, 0.00400333, 0.00121944, 0, 1e-05, 0, 1, 1, 0.999999, 0.000473889, 1, 0.06932, 0.0216594, 1.66667e-06, 5.94444e-05, 0, 1, 0.0103017, 0.00827278, 5.55556e-07, 0.701309, 5.77778e-05, 2.05556e-05, 0, 0, 0, 0.988349, 0.000271111, 0.000225, 0, 0.0327739, 1.66667e-06, 1.11111e-06, 0, 0, 0, 
24, 1, 1, 1, 0.06661, 1, 0.999962, 0.972156, 0.000138333, 0.0118967, 0, 1, 0.698233, 0.566636, 3.27778e-05, 1, 0.00467056, 0.00138722, 0, 1.11111e-05, 0, 1, 1, 1, 0.000548889, 1, 0.0804983, 0.024565, 2.22222e-06, 6.77778e-05, 0, 1, 0.0125528, 0.0100794, 5.55556e-07, 0.769053, 7.83333e-05, 2.38889e-05, 0, 0, 0, 0.992156, 0.000339444, 0.000281667, 0, 0.0397406, 1.66667e-06, 1.11111e-06, 0, 0, 0, 
25, 1, 1, 1, 0.0734494, 1, 0.999988, 0.979452, 0.000158889, 0.0129067, 0, 1, 0.734139, 0.596119, 3.94444e-05, 1, 0.00539611, 0.00156, 0, 1.16667e-05, 0, 1, 1, 1, 0.000625556, 1, 0.092785, 0.0276678, 2.22222e-06, 7.61111e-05, 0, 1, 0.0151361, 0.0121178, 1.11111e-06, 0.830612, 0.000103889, 2.88889e-05, 0, 0, 0, 0.994764, 0.000416667, 0.000348333, 0, 0.04802, 3.33333e-06, 1.66667e-06, 0, 0, 0, 
26, 1, 1, 1, 0.0807189, 1, 0.999997, 0.984948, 0.000183889, 0.01395, 0, 1, 0.767939, 0.624759, 4.55556e-05, 1, 0.00618222, 0.00174778, 0, 1.27778e-05, 0, 1, 1, 1, 0.000740556, 1, 0.106262, 0.0310728, 2.22222e-06, 8.77778e-05, 0, 1, 0.0182517, 0.0146594, 1.11111e-06, 0.88292, 0.000138889, 3.33333e-05, 0, 0, 0, 0.996559, 0.000502778, 0.000412222, 0, 0.0578589, 4.44444e-06, 1.66667e-06, 0, 0, 0, 
27, 1, 1, 1, 0.0884167, 1, 0.999999, 0.989163, 0.000214444, 0.0149872, 0, 1, 0.799472, 0.652286, 5.22222e-05, 1, 0.00708556, 0.00195556, 0, 1.38889e-05, 0, 1, 1, 1, 0.000855556, 1, 0.121141, 0.0347011, 2.77778e-06, 9.77778e-05, 0, 1, 0.0219517, 0.0177467, 1.11111e-06, 0.924607, 0.000174444, 4.5e-05, 0, 0, 0, 0.997766, 0.000603333, 0.000503333, 0, 0.0692756, 4.44444e-06, 2.22222e-06, 0, 0, 0, 
28, 1, 1, 1, 0.0966122, 1, 0.999999, 0.992343, 0.000237778, 0.016105, 0, 1, 0.828658, 0.678692, 5.94444e-05, 1, 0.00812944, 0.00218889, 0, 1.55556e-05, 0, 1, 1, 1, 0.000972778, 1, 0.137554, 0.03854, 2.77778e-06, 0.000111667, 0, 1, 0.0264011, 0.0214089, 2.22222e-06, 0.955558, 0.000217222, 6.38889e-05, 0, 0, 0, 0.99858, 0.000715, 0.000610556, 0, 0.0829289, 6.11111e-06, 2.22222e-06, 0, 0, 0, 
29, 1, 1, 1, 0.105361, 1, 0.999999, 0.994596, 0.000266111, 0.0172283, 5.55556e-07, 1, 0.855249, 0.703831, 6.83333e-05, 1, 0.00928444, 0.00243333, 0, 1.66667e-05, 0, 1, 1, 1, 0.00110944, 1, 0.155462, 0.0427122, 3.33333e-06, 0.000127778, 0, 1, 0.0316872, 0.0258739, 2.77778e-06, 0.976318, 0.000283333, 8.33333e-05, 0, 0, 0, 0.999114, 0.000877778, 0.000740556, 0, 0.0986733, 1.11111e-05, 2.22222e-06, 0, 0, 0, 
30, 1, 1, 1, 0.114627, 1, 0.999999, 0.99626, 0.000308333, 0.0183989, 5.55556e-07, 1, 0.879401, 0.72767, 7.27778e-05, 1, 0.0105728, 0.00268278, 0, 1.72222e-05, 0, 1, 1, 1, 0.00127333, 1, 0.175006, 0.0472194, 3.88889e-06, 0.000140556, 0, 1, 0.0380306, 0.0312644, 3.33333e-06, 0.988726, 0.000378889, 0.000102778, 0, 0, 0, 0.999469, 0.00106611, 0.0009, 0, 0.117349, 1.27778e-05, 2.22222e-06, 0, 0, 0, 
31, 1, 1, 1, 0.124498, 1, 1, 0.997434, 0.000343889, 0.01964, 5.55556e-07, 1, 0.900731, 0.750334, 8.33333e-05, 1, 0.0120394, 0.00293889, 0, 1.83333e-05, 0, 1, 1, 1, 0.00144722, 1, 0.196022, 0.05193, 4.44444e-06, 0.000157778, 0, 1, 0.0456261, 0.0377422, 3.88889e-06, 0.995322, 0.000485556, 0.000128333, 0, 0, 0, 0.999681, 0.00129833, 0.00108667, 0, 0.138671, 1.55556e-05, 2.77778e-06, 0, 0, 0, 
32, 1, 1, 1, 0.134991, 1, 1, 0.998267, 0.000395, 0.0209022, 1.11111e-06, 1, 0.919441, 0.77194, 9.27778e-05, 1, 0.0136494, 0.00322, 0, 1.94444e-05, 0, 1, 1, 1, 0.00166889, 1, 0.218856, 0.0569267, 4.44444e-06, 0.000174444, 0, 1, 0.0545272, 0.0455239, 5e-06, 0.998363, 0.000609444, 0.000157778, 0, 0, 0, 0.999805, 0.00158278, 0.001315, 0, 0.163163, 2.11111e-05, 5e-06, 0, 0, 0, 
33, 1, 1, 1, 0.145966, 1, 1, 0.998832, 0.000447222, 0.0222178, 1.11111e-06, 1, 0.935412, 0.792045, 0.000105, 1, 0.015405, 0.00351333, 0, 2.11111e-05, 0, 1, 1, 1, 0.00189111, 1, 0.243689, 0.0621444, 5.55556e-06, 0.000192222, 0, 1, 0.0651978, 0.0548861, 6.66667e-06, 0.999506, 0.000781667, 0.000198889, 0, 5.55556e-07, 0, 0.999884, 0.00190944, 0.00160167, 0, 0.191147, 2.55556e-05, 6.66667e-06, 0, 0, 0, 
34, 1, 1, 1, 0.157511, 1, 1, 0.999222, 0.000490556, 0.0235411, 1.66667e-06, 1, 0.948923, 0.810937, 0.000118333, 1, 0.0173361, 0.00383722, 0, 2.11111e-05, 0, 1, 1, 1, 0.00213167, 1, 0.270052, 0.0677211, 6.66667e-06, 0.000217222, 0, 1, 0.0778739, 0.0660906, 8.33333e-06, 0.999879, 0.000985, 0.00024, 0, 5.55556e-07, 0, 0.999934, 0.00227111, 0.00192389, 0, 0.223067, 3.16667e-05, 1.05556e-05, 0, 0, 0, 
35, 1, 1, 1, 0.169797, 1, 1, 0.999488, 0.000551667, 0.024915, 1.66667e-06, 1, 0.960387, 0.828644, 0.000137222, 1, 0.01947, 0.00419111, 0, 2.11111e-05, 0, 1, 1, 1, 0.00238556, 1, 0.29804, 0.0737, 7.22222e-06, 0.000233889, 0, 1, 0.0928461, 0.0795361, 1.05556e-05, 0.999981, 0.00123056, 0.000307222, 0, 5.55556e-07, 0, 0.999963, 0.00273778, 0.00233444, 0, 0.25853, 3.77778e-05, 1.11111e-05, 0, 0, 0, 
36, 1, 1, 1, 0.182496, 1, 1, 0.999678, 0.000616111, 0.0263011, 1.66667e-06, 1, 0.969788, 0.845184, 0.000153889, 1, 0.0218089, 0.00454167, 0, 2.16667e-05, 0, 1, 1, 1, 0.00267111, 1, 0.327642, 0.0800678, 8.33333e-06, 0.000255, 0, 1, 0.11052, 0.0956294, 1.27778e-05, 0.999998, 0.00153556, 0.000392222, 0, 1.11111e-06, 0, 0.999982, 0.00331833, 0.00280667, 0, 0.297228, 5.11111e-05, 1.27778e-05, 0, 0, 0, 
37, 1, 1, 1, 0.196153, 1, 1, 0.999788, 0.000692222, 0.0276672, 2.22222e-06, 1, 0.977363, 0.860203, 0.000167778, 1, 0.0244622, 0.00490278, 0, 2.44444e-05, 0, 1, 1, 1, 0.00299667, 1, 0.358945, 0.08658, 9.44444e-06, 0.000288333, 0, 1, 0.131397, 0.114868, 1.94444e-05, 0.999999, 0.00192889, 0.000492778, 0, 1.11111e-06, 0, 0.99999, 0.00397389, 0.00339056, 0, 0.339493, 5.94444e-05, 1.61111e-05, 0, 0, 0, 
38, 1, 1, 1, 0.210468, 1, 1, 0.999867, 0.000771111, 0.0292, 3.33333e-06, 1, 0.983383, 0.874378, 0.000194444, 1, 0.02734, 0.00529444, 0, 2.55556e-05, 0, 1, 1, 1, 0.00335444, 1, 0.391815, 0.0934011, 1.11111e-05, 0.000312778, 0, 1, 0.15586, 0.137625, 2.38889e-05, 1, 0.00241333, 0.000626667, 0, 1.11111e-06, 0, 0.999994, 0.00473389, 0.004095, 0, 0.384639, 6.83333e-05, 2e-05, 0, 0, 0, 
39, 1, 1, 1, 0.225613, 1, 1, 0.999921, 0.000868333, 0.0307228, 3.33333e-06, 1, 0.988107, 0.887413, 0.000212222, 1, 0.0304772, 0.00573278, 0, 2.66667e-05, 0, 1, 1, 1, 0.00373222, 1, 0.425809, 0.100538, 1.27778e-05, 0.000340556, 0, 1, 0.184514, 0.164532, 2.83333e-05, 1, 0.00300444, 0.000782778, 0, 1.66667e-06, 0, 0.999996, 0.00568667, 0.00495389, 5.55556e-07, 0.432667, 8.5e-05, 2.66667e-05, 0, 0, 0, 
40, 1, 1, 1, 0.241307, 1, 1, 0.999947, 0.000975, 0.0322939, 3.33333e-06, 1, 0.991752, 0.899367, 0.000238889, 1, 0.0338878, 0.00617333, 0, 2.83333e-05, 0, 1, 1, 1, 0.00414556, 1, 0.461234, 0.107972, 1.44444e-05, 0.000366111, 0, 1, 0.218049, 0.196284, 3.66667e-05, 1, 0.00374222, 0.000968889, 5.55556e-07, 2.77778e-06, 0, 1, 0.00681389, 0.00600389, 5.55556e-07, 0.482712, 0.000107222, 3.38889e-05, 0, 0, 0, 
41, 1, 1, 1, 0.257758, 1, 1, 0.999969, 0.00108944, 0.0338933, 3.33333e-06, 1, 0.994371, 0.910201, 0.000266111, 1, 0.0376322, 0.00665222, 0, 3.11111e-05, 0, 1, 1, 1, 0.00464722, 1, 0.497591, 0.115764, 1.44444e-05, 0.000386667, 0, 1, 0.256351, 0.232915, 4.44444e-05, 1, 0.00466056, 0.00121, 5.55556e-07, 3.33333e-06, 0, 1, 0.00820611, 0.007315, 5.55556e-07, 0.533469, 0.000128333, 3.83333e-05, 0, 0, 0, 
42, 1, 1, 1, 0.274743, 1, 1, 0.999983, 0.00122556, 0.0355406, 3.33333e-06, 1, 0.996305, 0.920138, 0.000293889, 1, 0.0417528, 0.00718111, 0, 3.22222e-05, 0, 1, 1, 1, 0.00515167, 1, 0.534725, 0.123767, 1.61111e-05, 0.000415, 0, 1, 0.300318, 0.275462, 6.44444e-05, 1, 0.00576778, 0.00150778, 5.55556e-07, 4.44444e-06, 0, 1, 0.00989611, 0.00891833, 1.66667e-06, 0.584164, 0.000156667, 4.94444e-05, 0, 0, 0, 
43, 1, 1, 1, 0.292378, 1, 1, 0.99999, 0.00135611, 0.0372822, 3.88889e-06, 1, 0.997599, 0.929225, 0.000323333, 1, 0.0462811, 0.00771333, 0, 3.38889e-05, 0, 1, 1, 1, 0.00573611, 1, 0.572036, 0.132184, 1.83333e-05, 0.000447778, 0, 1, 0.349801, 0.324237, 8.22222e-05, 1, 0.00714333, 0.00187111, 5.55556e-07, 6.11111e-06, 0, 1, 0.0118722, 0.0108233, 2.22222e-06, 0.634152, 0.000189444, 6.38889e-05, 0, 0, 0, 
44, 1, 1, 1, 0.310923, 1, 1, 0.999994, 0.00149389, 0.0389717, 3.88889e-06, 1, 0.998482, 0.937483, 0.000350556, 1, 0.0512178, 0.00824889, 0, 3.66667e-05, 0, 1, 1, 1, 0.00632944, 1, 0.609559, 0.140933, 2e-05, 0.000482778, 0, 1, 0.405043, 0.378867, 0.000107222, 1, 0.008735, 0.00235833, 5.55556e-07, 8.33333e-06, 0, 1, 0.0143328, 0.0130672, 3.88889e-06, 0.682386, 0.000228333, 7.38889e-05, 0, 0, 0, 
45, 1, 1, 1, 0.330349, 1, 1, 0.999997, 0.00165833, 0.0407561, 4.44444e-06, 1, 0.999074, 0.944838, 0.000382778, 1, 0.05662, 0.00879056, 0, 4e-05, 0, 1, 1, 1, 0.00699111, 1, 0.647158, 0.149901, 2.27778e-05, 0.000515556, 0, 1, 0.465518, 0.439244, 0.000136667, 1, 0.0107183, 0.00291389, 5.55556e-07, 1e-05, 0, 1, 0.0172467, 0.0158789, 5e-06, 0.727962, 0.000289444, 8.94444e-05, 0, 0, 0, 
46, 1, 1, 1, 0.350269, 1, 1, 0.999999, 0.00182556, 0.0425611, 5.55556e-06, 1, 0.999477, 0.951633, 0.000427778, 1, 0.0624056, 0.00938833, 0, 4.22222e-05, 0, 1, 1, 1, 0.00773333, 1, 0.683993, 0.159022, 2.83333e-05, 0.000546111, 0, 1, 0.530479, 0.505028, 0.000177778, 1, 0.013205, 0.00364333, 5.55556e-07, 1.22222e-05, 0, 1, 0.020735, 0.0192922, 6.11111e-06, 0.770635, 0.00036, 0.000105, 0, 0, 0, 
47, 1, 1, 1, 0.371062, 1, 1, 0.999999, 0.00202222, 0.0443533, 6.11111e-06, 1, 0.999697, 0.957519, 0.000465, 1, 0.0687378, 0.0100489, 0, 4.61111e-05, 0, 1, 1, 1, 0.00853, 1, 0.719942, 0.168612, 3.16667e-05, 0.000591111, 0, 1, 0.598429, 0.574387, 0.000229444, 1, 0.0161406, 0.00459056, 1.11111e-06, 1.44444e-05, 0, 1, 0.0249561, 0.0234206, 8.88889e-06, 0.80926, 0.000444444, 0.000130556, 0, 0, 0, 
48, 1, 1, 1, 0.392498, 1, 1, 0.999999, 0.002235, 0.0461811, 7.77778e-06, 1, 0.999832, 0.962857, 0.000506667, 1, 0.0756306, 0.0106989, 5.55556e-07, 4.83333e-05, 0, 1, 1, 1, 0.00940444, 1, 0.75452, 0.17844, 3.38889e-05, 0.000635556, 0, 1, 0.667931, 0.645601, 0.000291111, 1, 0.0196628, 0.00568, 2.77778e-06, 2e-05, 0, 1, 0.0299989, 0.0284439, 1.11111e-05, 0.843909, 0.000533333, 0.000163333, 0, 5.55556e-07, 0, 
49, 1, 1, 1, 0.414527, 1, 1, 1, 0.00245556, 0.0479661, 8.88889e-06, 1, 0.999918, 0.967631, 0.000571667, 1, 0.0830056, 0.0113906, 1.66667e-06, 4.83333e-05, 0, 1, 1, 1, 0.0103467, 1, 0.787408, 0.188532, 3.77778e-05, 0.000679444, 0, 1, 0.735916, 0.716376, 0.000368889, 1, 0.0239839, 0.007045, 3.33333e-06, 2.61111e-05, 0, 1, 0.0361256, 0.0344183, 1.44444e-05, 0.874221, 0.000640556, 0.000201667, 0, 5.55556e-07, 0, 
50, 1, 1, 1, 0.437357, 1, 1, 1, 0.00272278, 0.04986, 9.44444e-06, 1, 0.999966, 0.971898, 0.000641667, 1, 0.0909989, 0.0121083, 1.66667e-06, 5.22222e-05, 0, 1, 1, 1, 0.0113928, 1, 0.818404, 0.198973, 4.16667e-05, 0.000721111, 0, 1, 0.799601, 0.783551, 0.000465, 1, 0.0292061, 0.00868333, 5e-06, 3.44444e-05, 0, 1, 0.0435017, 0.0416217, 1.77778e-05, 0.900141, 0.000787778, 0.000246111, 0, 5.55556e-07, 0, 
51, 1, 1, 1, 0.460695, 1, 1, 1, 0.002985, 0.0518172, 1.16667e-05, 1, 0.999986, 0.975639, 0.000708333, 1, 0.0997372, 0.0128489, 2.22222e-06, 5.38889e-05, 0, 1, 1, 1, 0.0125283, 1, 0.847121, 0.209596, 4.61111e-05, 0.000765, 0, 1, 0.856319, 0.843759, 0.000588889, 1, 0.0355856, 0.0107644, 6.66667e-06, 4e-05, 0, 1, 0.0523361, 0.0502694, 2e-05, 0.921908, 0.000992778, 0.000306111, 0, 1.11111e-06, 0, 
52, 1, 1, 1, 0.484462, 1, 1, 1, 0.00327833, 0.0537822, 1.22222e-05, 1, 0.999992, 0.978908, 0.000773889, 1, 0.109141, 0.0136044, 3.33333e-06, 5.66667e-05, 0, 1, 1, 1, 0.0137772, 1, 0.873261, 0.220616, 5.22222e-05, 0.0008, 0, 1, 0.903816, 0.894143, 0.000750556, 1, 0.0431144, 0.0132733, 7.77778e-06, 5.27778e-05, 0, 1, 0.0627233, 0.0604706, 2.5e-05, 0.939846, 0.00122444, 0.000381111, 0, 2.22222e-06, 0, 
53, 1, 1, 1, 0.50881, 1, 1, 1, 0.00360278, 0.0557889, 1.33333e-05, 1, 0.999997, 0.981791, 0.000856667, 1, 0.119426, 0.014385, 3.88889e-06, 5.72222e-05, 0, 1, 1, 1, 0.0150933, 1, 0.896609, 0.231912, 5.72222e-05, 0.000847778, 0, 1, 0.940615, 0.934166, 0.000953889, 1, 0.0523122, 0.0162961, 1.05556e-05, 6.44444e-05, 0, 1, 0.0751717, 0.0726422, 2.88889e-05, 0.954426, 0.00147444, 0.000467778, 0, 2.22222e-06, 0, 
54, 1, 1, 1, 0.533767, 1, 1, 1, 0.00395833, 0.0578494, 1.5e-05, 1, 0.999999, 0.984337, 0.000947222, 1, 0.130436, 0.0151633, 5.55556e-06, 5.83333e-05, 0, 1, 1, 1, 0.0165361, 1, 0.917358, 0.243413, 6.38889e-05, 0.000895556, 0, 1, 0.966691, 0.962793, 0.00120333, 1, 0.0633039, 0.0200989, 1.27778e-05, 7.77778e-05, 0, 1, 0.0900006, 0.08715, 3.72222e-05, 0.966091, 0.00177056, 0.000566111, 0, 2.22222e-06, 0, 
55, 1, 1, 1, 0.558932, 1, 1, 1, 0.00434, 0.0598583, 1.61111e-05, 1, 1, 0.98655, 0.00104611, 1, 0.142207, 0.0159928, 5.55556e-06, 6.33333e-05, 0, 1, 1, 1, 0.0181222, 1, 0.935047, 0.255174, 7.16667e-05, 0.000955, 0, 1, 0.983388, 0.981138, 0.00151278, 1, 0.0765333, 0.0247794, 1.61111e-05, 0.000100556, 0, 1, 0.107078, 0.104223, 5.05556e-05, 0.975084, 0.00216556, 0.000697222, 0, 2.77778e-06, 0, 
56, 1, 1, 1, 0.5844, 1, 1, 1, 0.00475944, 0.061975, 1.83333e-05, 1, 1, 0.988499, 0.00114222, 1, 0.15502, 0.0168694, 6.11111e-06, 6.44444e-05, 0, 1, 1, 1, 0.0198617, 1, 0.950084, 0.267213, 8.44444e-05, 0.00101278, 0, 1, 0.992603, 0.991758, 0.00189556, 1, 0.0923667, 0.0303956, 2.11111e-05, 0.000124444, 0, 1, 0.127123, 0.124221, 6.38889e-05, 0.982077, 0.00262722, 0.000871667, 0, 3.33333e-06, 0, 
57, 1, 1, 1, 0.609763, 1, 1, 1, 0.00522667, 0.0640994, 2.16667e-05, 1, 1, 0.990159, 0.00125278, 1, 0.168467, 0.0177839, 7.22222e-06, 6.83333e-05, 0, 1, 1, 1, 0.021775, 1, 0.962461, 0.279488, 9.44444e-05, 0.00106389, 0, 1, 0.997201, 0.996866, 0.00239333, 1, 0.111376, 0.03737, 2.61111e-05, 0.000152778, 0, 1, 0.150437, 0.147259, 7.88889e-05, 0.987237, 0.00322056, 0.00109333, 0, 4.44444e-06, 0, 
58, 1, 1, 1, 0.635296, 1, 1, 1, 0.00575833, 0.0661917, 2.44444e-05, 1, 1, 0.991669, 0.00137167, 1, 0.183093, 0.0187317, 7.22222e-06, 7.11111e-05, 0, 1, 1, 1, 0.0238328, 1, 0.972453, 0.291953, 0.000107222, 0.00111944, 0, 1, 0.999112, 0.998971, 0.002985, 1, 0.133938, 0.0458883, 3.11111e-05, 0.000185556, 0, 1, 0.177059, 0.173804, 9.61111e-05, 0.991152, 0.00395889, 0.00133722, 0, 4.44444e-06, 0, 
59, 1, 1, 1, 0.660993, 1, 1, 1, 0.00634, 0.068455, 2.88889e-05, 1, 1, 0.992946, 0.00149167, 1, 0.198784, 0.0197222, 7.77778e-06, 7.61111e-05, 0, 1, 1, 1, 0.0260756, 1, 0.980429, 0.304435, 0.000121111, 0.00118667, 0, 1, 0.999772, 0.999738, 0.00368222, 1, 0.160795, 0.0562272, 3.88889e-05, 0.000227778, 0, 1, 0.207344, 0.203967, 0.000112778, 0.993879, 0.00481611, 0.00163778, 1.11111e-06, 5e-06, 0, 
60, 1, 1, 1, 0.686324, 1, 1, 1, 0.00691111, 0.0706872, 3.11111e-05, 1, 1, 0.994014, 0.00163111, 1, 0.215326, 0.0207167, 1e-05, 8.38889e-05, 0, 1, 1, 1, 0.0284883, 1, 0.986519, 0.317388, 0.000137778, 0.00124667, 0, 1, 0.999949, 0.99995, 0.00456222, 1, 0.192246, 0.0687111, 5e-05, 0.000281111, 0, 1, 0.241618, 0.238039, 0.000136667, 0.995881, 0.00588278, 0.00200389, 1.11111e-06, 5e-06, 0, 
61, 1, 1, 1, 0.711273, 1, 1, 1, 0.00753167, 0.0729306, 3.22222e-05, 1, 1, 0.994921, 0.00178, 1, 0.233114, 0.0217644, 1e-05, 8.61111e-05, 0, 1, 1, 1, 0.0311417, 1, 0.991031, 0.330429, 0.000151111, 0.00130944, 0, 1, 0.999992, 0.99999, 0.00562278, 1, 0.228633, 0.0838317, 6.22222e-05, 0.000347222, 0, 1, 0.279709, 0.275995, 0.000166111, 0.997254, 0.00718056, 0.00246611, 1.11111e-06, 6.66667e-06, 0, 
62, 1, 1, 1, 0.735693, 1, 1, 1, 0.00826, 0.0752356, 3.44444e-05, 1, 1, 0.995736, 0.00195222, 1, 0.251977, 0.0228, 1.11111e-05, 8.88889e-05, 0, 1, 1, 1, 0.0340106, 1, 0.994161, 0.343492, 0.000167222, 0.00138111, 0, 1, 0.999999, 0.999999, 0.00690278, 1, 0.270891, 0.102207, 8.27778e-05, 0.000433333, 0, 1, 0.321247, 0.317516, 0.000197222, 0.998198, 0.008765, 0.00299778, 2.22222e-06, 1.05556e-05, 0, 
63, 1, 1, 1, 0.759619, 1, 1, 1, 0.00908667, 0.0775894, 3.77778e-05, 1, 1, 0.99642, 0.00212944, 1, 0.272019, 0.0239911, 1.16667e-05, 9.38889e-05, 0, 1, 1, 1, 0.0370906, 1, 0.996369, 0.356784, 0.000190556, 0.001445, 0, 1, 1, 1, 0.00843, 1, 0.319065, 0.124058, 0.000103889, 0.000545556, 0, 1, 0.366059, 0.362214, 0.000238889, 0.998842, 0.0106861, 0.00368056, 2.77778e-06, 1.27778e-05, 0, 
64, 1, 1, 1, 0.782897, 1, 1, 1, 0.00989944, 0.0799317, 3.77778e-05, 1, 1, 0.997006, 0.002315, 1, 0.29317, 0.0251611, 1.27778e-05, 9.83333e-05, 0, 1, 1, 1, 0.0404406, 1, 0.997787, 0.370232, 0.000215556, 0.00151889, 0, 1, 1, 1, 0.0102461, 1, 0.373587, 0.150167, 0.000131111, 0.000683333, 0, 1, 0.413438, 0.409582, 0.000296111, 0.999271, 0.01292, 0.00450778, 3.88889e-06, 1.72222e-05, 0, 
65, 1, 1, 1, 0.80517, 1, 1, 1, 0.0107994, 0.0823333, 4.22222e-05, 1, 1, 0.997469, 0.00253333, 1, 0.315338, 0.0263106, 1.55556e-05, 0.000104444, 0, 1, 1, 1, 0.0440372, 1, 0.998753, 0.38385, 0.000239444, 0.00159111, 0, 1, 1, 1, 0.0125211, 1, 0.434272, 0.181117, 0.000161667, 0.000843889, 0, 1, 0.462998, 0.458982, 0.000352222, 0.999547, 0.0156933, 0.00550056, 4.44444e-06, 2.16667e-05, 0, 
66, 1, 1, 1, 0.826731, 1, 1, 1, 0.0117872, 0.0847439, 4.55556e-05, 1, 1, 0.997897, 0.00278111, 1, 0.338471, 0.0275022, 1.72222e-05, 0.000109444, 0, 1, 1, 1, 0.0479461, 1, 0.999312, 0.397588, 0.000270556, 0.00165944, 0, 1, 1, 1, 0.0151328, 1, 0.499745, 0.217634, 0.000208889, 0.00104611, 5.55556e-07, 1, 0.513991, 0.510214, 0.000428333, 0.999714, 0.0189794, 0.00674944, 5.55556e-06, 2.61111e-05, 0, 
67, 1, 1, 1, 0.847002, 1, 1, 1, 0.0128378, 0.0871989, 4.61111e-05, 1, 1, 0.998275, 0.00304556, 1, 0.362818, 0.0287628, 2e-05, 0.000112778, 0, 1, 1, 1, 0.0521461, 1, 0.999642, 0.411422, 0.000298889, 0.00173889, 0, 1, 1, 1, 0.01842, 1, 0.569345, 0.259992, 0.00026, 0.00127556, 1.66667e-06, 1, 0.564967, 0.561981, 0.000509444, 0.999828, 0.0230833, 0.00827056, 7.22222e-06, 3.33333e-05, 0, 
68, 1, 1, 1, 0.866012, 1, 1, 1, 0.01403, 0.0896794, 5.16667e-05, 1, 1, 0.998557, 0.00333889, 1, 0.388355, 0.0300133, 2.11111e-05, 0.000116111, 0, 1, 1, 1, 0.05672, 1, 0.999836, 0.425292, 0.000333889, 0.00182389, 0, 1, 1, 1, 0.0223233, 1, 0.640675, 0.308582, 0.000330556, 0.00156944, 2.22222e-06, 1, 0.615696, 0.612721, 0.000623889, 0.999895, 0.0279756, 0.0100756, 9.44444e-06, 3.94444e-05, 0, 
69, 1, 1, 1, 0.883941, 1, 1, 1, 0.0152878, 0.0922006, 5.83333e-05, 1, 1, 0.998805, 0.00364222, 1, 0.414881, 0.0312539, 2.22222e-05, 0.000118889, 0, 1, 1, 1, 0.0616722, 1, 0.99993, 0.43912, 0.000376667, 0.00189778, 0, 1, 1, 1, 0.0269433, 1, 0.711579, 0.363304, 0.000417778, 0.00193389, 2.22222e-06, 1, 0.665118, 0.661837, 0.000772222, 0.999937, 0.0339178, 0.0123317, 1.38889e-05, 4.94444e-05, 0, 
70, 1, 1, 1, 0.900295, 1, 1, 1, 0.01669, 0.0946672, 6.38889e-05, 1, 1, 0.999011, 0.00398389, 1, 0.442552, 0.0326278, 2.55556e-05, 0.000124444, 0, 1, 1, 1, 0.0669317, 1, 0.999969, 0.453167, 0.000417222, 0.001975, 5.55556e-07, 1, 1, 1, 0.0325789, 1, 0.778824, 0.424375, 0.000531111, 0.00236444, 3.33333e-06, 1, 0.712371, 0.709099, 0.000930556, 0.999964, 0.0409128, 0.0150472, 1.77778e-05, 6.44444e-05, 0, 
71, 1, 1, 1, 0.915253, 1, 1, 1, 0.018165, 0.0972617, 7e-05, 1, 1, 0.999176, 0.00433611, 1, 0.470994, 0.0339894, 2.66667e-05, 0.000130556, 0, 1, 1, 1, 0.0726783, 1, 0.999988, 0.467284, 0.000461667, 0.00206222, 5.55556e-07, 1, 1, 1, 0.0392939, 1, 0.839251, 0.490759, 0.000706111, 0.00291222, 3.33333e-06, 1, 0.755907, 0.753348, 0.00114444, 0.999979, 0.0492556, 0.0184183, 2.11111e-05, 8.22222e-05, 0, 
72, 1, 1, 1, 0.928715, 1, 1, 1, 0.0197589, 0.0997867, 7.66667e-05, 1, 1, 0.99933, 0.00473556, 1, 0.500194, 0.0354694, 2.72222e-05, 0.000133333, 0, 1, 1, 1, 0.0789161, 1, 0.999994, 0.481301, 0.000506111, 0.00214889, 1.11111e-06, 1, 1, 1, 0.0473261, 1, 0.890696, 0.561789, 0.000887778, 0.00354722, 3.33333e-06, 1, 0.795957, 0.793793, 0.00139556, 0.999991, 0.0593428, 0.0225311, 2.66667e-05, 9.55556e-05, 5.55556e-07, 
73, 1, 1, 1, 0.940869, 1, 1, 1, 0.021485, 0.102364, 8.55556e-05, 1, 1, 0.999443, 0.00516778, 1, 0.529969, 0.036935, 3.33333e-05, 0.000135556, 0, 1, 1, 1, 0.0855961, 1, 0.999996, 0.495463, 0.000556667, 0.00224222, 1.11111e-06, 1, 1, 1, 0.0569778, 1, 0.931373, 0.634761, 0.00110833, 0.00437222, 5e-06, 1, 0.832049, 0.830255, 0.00169611, 0.999993, 0.0713444, 0.0274811, 3.66667e-05, 0.000114444, 5.55556e-07, 
74, 1, 1, 1, 0.951588, 1, 1, 1, 0.0233606, 0.105057, 9.22222e-05, 1, 1, 0.999541, 0.00564611, 1, 0.560464, 0.0384794, 3.61111e-05, 0.000143333, 0, 1, 1, 1, 0.0928561, 1, 0.999999, 0.509638, 0.000620556, 0.00234056, 1.11111e-06, 1, 1, 1, 0.0685461, 1, 0.960719, 0.70697, 0.00138556, 0.00537, 5.55556e-06, 1, 0.863856, 0.862095, 0.00202611, 0.999997, 0.0854133, 0.0333678, 4.33333e-05, 0.000150556, 5.55556e-07, 
75, 1, 1, 1, 0.960923, 1, 1, 1, 0.02539, 0.107721, 9.77778e-05, 1, 1, 0.99963, 0.00615278, 1, 0.59113, 0.0400217, 4.16667e-05, 0.000149444, 0, 1, 1, 1, 0.100588, 1, 1, 0.523655, 0.000681111, 0.00245389, 1.11111e-06, 1, 1, 1, 0.0824172, 1, 0.979895, 0.775631, 0.00173278, 0.00657611, 8.33333e-06, 1, 0.8914, 0.889755, 0.00244167, 0.999998, 0.102104, 0.0404328, 5.22222e-05, 0.000181667, 5.55556e-07, 
76, 1, 1, 1, 0.969688, 1, 1, 1, 0.0278839, 0.110668, 0.000106667, 1, 1, 0.999701, 0.00672167, 1, 0.624858, 0.0417467, 4.55556e-05, 0.000152778, 0, 1, 1, 1, 0.109732, 1, 1, 0.539093, 0.000772222, 0.002555, 1.66667e-06, 1, 1, 1, 0.100433, 1, 0.991618, 0.843374, 0.00221722, 0.00820778, 1.27778e-05, 1, 0.916839, 0.915521, 0.00296667, 0.999999, 0.123667, 0.0499628, 6.5e-05, 0.000236111, 5.55556e-07, 
77, 1, 1, 1, 0.976332, 1, 1, 1, 0.0303428, 0.113335, 0.000112222, 1, 1, 0.999756, 0.00729667, 1, 0.655337, 0.0433622, 4.72222e-05, 0.000156111, 0, 1, 1, 1, 0.11871, 1, 1, 0.552963, 0.000856111, 0.00267, 1.66667e-06, 1, 1, 1, 0.120082, 1, 0.996876, 0.894764, 0.00274833, 0.00995389, 1.38889e-05, 1, 0.935838, 0.934718, 0.00361111, 0.999999, 0.146822, 0.0603289, 7.55556e-05, 0.000287222, 5.55556e-07, 
78, 1, 1, 1, 0.981767, 1, 1, 1, 0.032955, 0.116074, 0.000120556, 1, 1, 0.999806, 0.00793278, 1, 0.685703, 0.0450072, 5.16667e-05, 0.000160556, 0, 1, 1, 1, 0.128443, 1, 1, 0.566832, 0.000944444, 0.00277722, 1.66667e-06, 1, 1, 1, 0.14343, 1, 0.998991, 0.934702, 0.00338833, 0.0121389, 1.83333e-05, 1, 0.951227, 0.950356, 0.00435278, 0.999999, 0.173156, 0.07273, 9.55556e-05, 0.000347222, 5.55556e-07, 
79, 1, 1, 1, 0.986256, 1, 1, 1, 0.03579, 0.11879, 0.000132778, 1, 1, 0.999847, 0.00862389, 1, 0.715603, 0.0467433, 5.61111e-05, 0.000167222, 0, 1, 1, 1, 0.138508, 1, 1, 0.580623, 0.00102778, 0.00288167, 1.66667e-06, 1, 1, 1, 0.170802, 1, 0.999747, 0.963281, 0.00417722, 0.0147144, 2.38889e-05, 1, 0.963628, 0.962849, 0.00527167, 1, 0.203507, 0.0873017, 0.000121667, 0.000435, 1.11111e-06, 
80, 1, 1, 1, 0.989851, 1, 1, 1, 0.0388089, 0.121575, 0.000144444, 1, 1, 0.999876, 0.00938056, 1, 0.744818, 0.0484628, 6.11111e-05, 0.000171111, 0, 1, 1, 1, 0.149242, 1, 1, 0.594389, 0.00113778, 0.00298278, 2.22222e-06, 1, 1, 1, 0.202839, 1, 0.999954, 0.981546, 0.005195, 0.01795, 3.61111e-05, 1, 0.973282, 0.972689, 0.00636444, 1, 0.237318, 0.104508, 0.000151667, 0.000510556, 2.22222e-06, 
