0, 0.999956, 0.5936, 0.59778, 0, 0.999956, 5e-06, 2.5e-06, 0, 0, 0, 0.999955, 1.25e-06, 0, 0, 4.5e-05, 0, 0, 0, 0, 0, 0.999956, 2.5e-06, 2.5e-06, 0, 0.00073, 0, 0, 0, 0, 0, 7.375e-05, 0, 0, 0, 0, 0, 0, 0, 0, 0, 1.25e-06, 0, 0, 0, 0, 0, 0, 0, 0, 0, 
1, 0.999956, 0.999956, 0.999956, 8.875e-05, 0.999956, 0.0125425, 0.006325, 0, 2.125e-05, 0, 0.999956, 0.00154875, 0.00147875, 0, 0.198801, 0, 0, 0, 0, 0, 0.999956, 0.0263112, 0.0265975, 0, 0.981483, 2.5e-06, 0, 0, 0, 0, 0.266919, 0, 0, 0, 3.5e-05, 0, 0, 0, 0, 0, 0.008675, 0, 0, 0, 1.25e-06, 0, 0, 0, 0, 0, 
2, 0.999956, 0.999956, 0.999956, 0.0003325, 0.999956, 0.0494262, 0.024785, 0, 6.75e-05, 0, 0.999956, 0.00596125, 0.00582, 0, 0.582145, 5e-06, 0, 0, 0, 0, 0.999956, 0.101955, 0.100379, 0, 0.999956, 2.75e-05, 1.125e-05, 0, 0, 0, 0.70582, 0, 1.25e-06, 0, 0.000375, 0, 0, 0, 0, 0, 0.03342, 0, 0, 0, 1.875e-05, 0, 0, 0, 0, 0, 
3, 0.999956, 0.999956, 0.999956, 0.0007575, 0.999956, 0.109281, 0.0552675, 0, 0.00015625, 0, 0.999956, 0.01361, 0.0131662, 0, 0.861175, 1.25e-05, 1.25e-06, 0, 0, 0, 0.999956, 0.216768, 0.211699, 0, 0.999956, 9.5e-05, 3.5e-05, 0, 0, 0, 0.936998, 3.75e-06, 1.125e-05, 0, 0.0012925, 0, 0, 0, 0, 0, 0.0734488, 0, 0, 0, 3.625e-05, 0, 0, 0, 0, 0, 
4, 0.999956, 0.999956, 0.999956, 0.00134125, 0.999956, 0.187664, 0.0959013, 1.25e-06, 0.00029125, 0, 0.999956, 0.0239863, 0.02313, 0, 0.969566, 1.75e-05, 6.25e-06, 0, 0, 0, 0.999956, 0.354683, 0.344556, 1.25e-06, 0.999956, 0.00024, 9e-05, 0, 0, 0, 0.992439, 1.625e-05, 1.375e-05, 0, 0.0029925, 0, 0, 0, 0, 0, 0.126475, 1.25e-06, 0, 0, 8.875e-05, 0, 0, 0, 0, 0, 
5, 0.999956, 0.999956, 0.999956, 0.0021, 0.999956, 0.279466, 0.145196, 2.5e-06, 0.0004575, 0, 0.999956, 0.03748, 0.0358875, 1.25e-06, 0.995741, 2.75e-05, 1e-05, 0, 0, 0, 0.999956, 0.497902, 0.482265, 2.5e-06, 0.999956, 0.0004725, 0.000205, 0, 0, 0, 0.999461, 3.25e-05, 3.25e-05, 0, 0.00581625, 0, 0, 0, 0, 0, 0.19062, 1.25e-06, 0, 0, 0.00017625, 0, 0, 0, 0, 0, 
6, 0.999956, 0.999956, 0.999956, 0.00308375, 0.999956, 0.379849, 0.202096, 2.5e-06, 0.00066875, 0, 0.999956, 0.05427, 0.0513475, 1.25e-06, 0.999578, 4.25e-05, 2.25e-05, 0, 0, 0, 0.999956, 0.633355, 0.611934, 5e-06, 0.999956, 0.00083625, 0.00037625, 0, 0, 0, 0.999933, 6.125e-05, 5.125e-05, 0, 0.010045, 0, 0, 0, 0, 0, 0.262451, 1.25e-06, 0, 0, 0.0002975, 0, 0, 0, 0, 0, 
7, 0.999956, 0.999956, 0.999956, 0.0042925, 0.999956, 0.482675, 0.263975, 3.75e-06, 0.0009425, 0, 0.999956, 0.0738437, 0.0690287, 2.5e-06, 0.999934, 7.875e-05, 3.25e-05, 0, 0, 0, 0.999956, 0.748445, 0.723739, 7.5e-06, 0.999956, 0.001365, 0.00060625, 0, 0, 0, 0.999955, 0.00010625, 9e-05, 0, 0.0163875, 0, 0, 0, 0, 0, 0.33835, 2.5e-06, 0, 0, 0.0004825, 0, 0, 0, 0, 0, 
8, 0.999956, 0.999956, 0.999956, 0.00571625, 0.999956, 0.581287, 0.329807, 3.75e-06, 0.00123375, 0, 0.999956, 0.0964438, 0.08888, 3.75e-06, 0.999956, 0.0001175, 5.125e-05, 0, 0, 0, 0.999956, 0.838985, 0.813065, 1.5e-05, 0.999956, 0.002115, 0.000905, 0, 0, 0, 0.999956, 0.0001775, 0.0001575, 0, 0.0247913, 0, 0, 0, 0, 0, 0.416761, 5e-06, 0, 0, 0.00073125, 0, 0, 0, 0, 0, 
9, 0.999956, 0.999956, 0.999956, 0.0073325, 0.999956, 0.67229, 0.396719, 7.5e-06, 0.0016125, 0, 0.999956, 0.121942, 0.111081, 3.75e-06, 0.999956, 0.00015375, 6.75e-05, 0, 0, 0, 0.999956, 0.904004, 0.87976, 1.75e-05, 0.999956, 0.0030775, 0.00128375, 0, 1.25e-06, 0, 0.999956, 0.0002775, 0.0002275, 0, 0.0360162, 0, 0, 0, 0, 0, 0.493883, 6.25e-06, 2.5e-06, 0, 0.00102, 0, 0, 0, 0, 0, 
10, 0.999956, 0.999956, 0.999956, 0.00919625, 0.999956, 0.752632, 0.463306, 8.75e-06, 0.00201375, 0, 0.999956, 0.150649, 0.13511, 3.75e-06, 0.999956, 0.0002175, 9.75e-05, 0, 0, 0, 0.999956, 0.94657, 0.926342, 2.25e-05, 0.999956, 0.00430375, 0.001775, 0, 2.5e-06, 0, 0.999956, 0.00038, 0.00032875, 0, 0.05049, 0, 0, 0, 0, 0, 0.568221, 1.125e-05, 3.75e-06, 0, 0.00147875, 0, 0, 0, 0, 0, 
11, 0.999956, 0.999956, 0.999956, 0.0112075, 0.999956, 0.819537, 0.528636, 1.125e-05, 0.00249125, 0, 0.999956, 0.181537, 0.161213, 3.75e-06, 0.999956, 0.00030125, 0.00013, 0, 0, 0, 0.999956, 0.972759, 0.95715, 3e-05, 0.999956, 0.0058125, 0.00232875, 0, 3.75e-06, 0, 0.999956, 0.0005175, 0.00046375, 0, 0.068995, 0, 0, 0, 0, 0, 0.637651, 1.625e-05, 5e-06, 0, 0.00200625, 0, 0, 0, 0, 0, 
12, 0.999956, 0.999956, 0.999956, 0.0134837, 0.999956, 0.873789, 0.591686, 1.5e-05, 0.00295375, 0, 0.999956, 0.214927, 0.188714, 6.25e-06, 0.999956, 0.00041, 0.00016125, 0, 0, 0, 0.999956, 0.987133, 0.976521, 3.75e-05, 0.999956, 0.0078075, 0.00301, 0, 7.5e-06, 0, 0.999956, 0.00068375, 0.00063125, 0, 0.0917875, 0, 0, 0, 0, 0, 0.700784, 2.125e-05, 1.125e-05, 0, 0.0027, 0, 0, 0, 0, 0, 
13, 0.999956, 0.999956, 0.999956, 0.01607, 0.999956, 0.914821, 0.650199, 1.625e-05, 0.0034975, 0, 0.999956, 0.249966, 0.217574, 7.5e-06, 0.999956, 0.000515, 0.00021, 0, 0, 0, 0.999956, 0.994366, 0.987701, 5.375e-05, 0.999956, 0.0099725, 0.00382375, 0, 1.125e-05, 0, 0.999956, 0.00094, 0.0008325, 0, 0.119122, 0, 0, 0, 0, 0, 0.757162, 2.875e-05, 1.625e-05, 0, 0.00354625, 1.25e-06, 0, 0, 0, 0, 
14, 0.999956, 0.999956, 0.999956, 0.0189925, 0.999956, 0.945218, 0.703653, 2.125e-05, 0.00406375, 0, 0.999956, 0.287394, 0.247162, 7.5e-06, 0.999956, 0.00064875, 0.0002675, 0, 1.25e-06, 0, 0.999956, 0.997756, 0.993841, 6.25e-05, 0.999956, 0.0127688, 0.004825, 0, 1.375e-05, 0, 0.999956, 0.0012525, 0.001095, 0, 0.151829, 1.25e-06, 1.25e-06, 0, 0, 0, 0.80642, 3.625e-05, 2.25e-05, 0, 0.00459375, 1.25e-06, 0, 0, 0, 0, 
15, 0.999956, 0.999956, 0.999956, 0.0221525, 0.999956, 0.96609, 0.751878, 3e-05, 0.00465125, 0, 0.999956, 0.326579, 0.278111, 1e-05, 0.999956, 0.0008225, 0.0003325, 0, 1.25e-06, 0, 0.999956, 0.999143, 0.997108, 9e-05, 0.999956, 0.0158737, 0.00595875, 1.25e-06, 1.5e-05, 0, 0.999956, 0.00165375, 0.00140875, 0, 0.190491, 2.5e-06, 1.25e-06, 0, 0, 0, 0.847731, 5e-05, 2.75e-05, 0, 0.005855, 1.25e-06, 0, 0, 0, 0, 
16, 0.999956, 0.999956, 0.999956, 0.0255775, 0.999956, 0.980001, 0.794809, 4e-05, 0.00529, 0, 0.999956, 0.367025, 0.309614, 1.25e-05, 0.999956, 0.0010325, 0.0003975, 0, 1.25e-06, 0, 0.999956, 0.999694, 0.998698, 0.00012, 0.999956, 0.019825, 0.00724125, 1.25e-06, 2e-05, 0, 0.999956, 0.00215375, 0.0017875, 0, 0.235118, 2.5e-06, 1.25e-06, 0, 0, 0, 0.88226, 5.875e-05, 3.75e-05, 0, 0.00743625, 1.25e-06, 0, 0, 0, 0, 
17, 0.999956, 0.999956, 0.999956, 0.02928, 0.999956, 0.988811, 0.832548, 4.25e-05, 0.005975, 0, 0.999956, 0.407871, 0.341296, 1.5e-05, 0.999956, 0.00132625, 0.00047125, 0, 1.25e-06, 0, 0.999956, 0.999868, 0.999428, 0.00014625, 0.999956, 0.0242487, 0.00860125, 1.25e-06, 2.5e-05, 0, 0.999956, 0.0027875, 0.00226625, 0, 0.286102, 3.75e-06, 1.25e-06, 0, 0, 0, 0.910775, 7.75e-05, 4.5e-05, 0, 0.00933875, 1.25e-06, 0, 0, 0, 0, 
18, 0.999956, 0.999956, 0.999956, 0.0333512, 0.999956, 0.994, 0.864687, 5.125e-05, 0.00670875, 0, 0.999956, 0.449238, 0.373349, 1.75e-05, 0.999956, 0.0016025, 0.00055875, 0, 1.25e-06, 0, 0.999956, 0.999926, 0.999754, 0.00017875, 0.999956, 0.0293838, 0.0102537, 1.25e-06, 3.125e-05, 0, 0.999956, 0.0035375, 0.00282375, 0, 0.342706, 5e-06, 2.5e-06, 0, 0, 0, 0.933175, 8.875e-05, 5.75e-05, 0, 0.0116337, 1.25e-06, 0, 0, 0, 0, 
19, 0.999956, 0.999956, 0.999956, 0.0378738, 0.999956, 0.996909, 0.892259, 6.5e-05, 0.0074275, 0, 0.999956, 0.491492, 0.405839, 1.875e-05, 0.999956, 0.00194125, 0.00066625, 0, 1.25e-06, 0, 0.999956, 0.999949, 0.999868, 0.00021, 0.999956, 0.0352, 0.0119762, 1.25e-06, 4.125e-05, 0, 0.999956, 0.004385, 0.00348875, 0, 0.405789, 1e-05, 2.5e-06, 0, 0, 0, 0.950852, 0.00012, 7.25e-05, 0, 0.0143962, 1.25e-06, 0, 0, 0, 0, 
20, 0.999956, 0.999956, 0.999956, 0.04266, 0.999956, 0.998536, 0.915131, 7.75e-05, 0.0082525, 0, 0.999956, 0.533875, 0.438174, 2.125e-05, 0.999956, 0.00229, 0.0007575, 0, 1.25e-06, 0, 0.999956, 0.999956, 0.99992, 0.0002625, 0.999956, 0.0418825, 0.0139687, 1.25e-06, 4.625e-05, 0, 0.999956, 0.005445, 0.0043175, 0, 0.473763, 1.375e-05, 6.25e-06, 0, 0, 0, 0.964377, 0.00016, 8.875e-05, 0, 0.0176475, 1.25e-06, 0, 0, 0, 0, 
21, 0.999956, 0.999956, 0.999956, 0.0477775, 0.999956, 0.999378, 0.934306, 8.5e-05, 0.00917, 0, 0.999956, 0.575611, 0.469865, 2.375e-05, 0.999956, 0.00273, 0.000885, 0, 2.5e-06, 0, 0.999956, 0.999956, 0.99994, 0.00031625, 0.999956, 0.0495175, 0.0161825, 1.25e-06, 5.875e-05, 0, 0.999956, 0.00668375, 0.00533125, 0, 0.545309, 2e-05, 1e-05, 0, 0, 0, 0.97464, 0.00019375, 0.00011375, 0, 0.0215137, 1.25e-06, 0, 0, 0, 0, 
22, 0.999956, 0.999956, 0.999956, 0.0533675, 0.999956, 0.999719, 0.949475, 9.875e-05, 0.0099725, 0, 0.999956, 0.616365, 0.501672, 2.875e-05, 0.999956, 0.003235, 0.00099875, 0, 2.5e-06, 0, 0.999956, 0.999956, 0.999951, 0.00037375, 0.999956, 0.0580587, 0.018575, 1.25e-06, 7e-05, 0, 0.999956, 0.00819625, 0.006495, 0, 0.618941, 2.625e-05, 1.5e-05, 0, 0, 0, 0.982292, 0.00023625, 0.000145, 0, 0.0263012, 1.25e-06, 0, 0, 0, 0, 
23, 0.999956, 0.999956, 0.999956, 0.0592888, 0.999956, 0.999869, 0.961856, 0.00011625, 0.0108363, 0, 0.999956, 0.655564, 0.532726, 3.5e-05, 0.999956, 0.00385375, 0.00115, 0, 2.5e-06, 0, 0.999956, 0.999956, 0.999954, 0.00042125, 0.999956, 0.0678225, 0.02122, 1.25e-06, 7.625e-05, 0, 0.999956, 0.0099725, 0.0079725, 0, 0.690994, 3.75e-05, 1.75e-05, 0, 0, 0, 0.98774, 0.0002875, 0.00017875, 0, 0.031825, 1.25e-06, 0, 0, 0, 0, 
24, 0.999956, 0.999956, 0.999956, 0.0655712, 0.999956, 0.999922, 0.971375, 0.00013125, 0.01178, 0, 0.999956, 0.693745, 0.563067, 3.75e-05, 0.999956, 0.00447625, 0.00130125, 0, 3.75e-06, 0, 0.999956, 0.999956, 0.999954, 0.00049625, 0.999956, 0.0786162, 0.0240913, 2.5e-06, 8.75e-05, 0, 0.999956, 0.0121775, 0.0096275, 1.25e-06, 0.760034, 5.25e-05, 2.5e-05, 0, 0, 0, 0.991727, 0.00035, 0.0002325, 0, 0.038485, 1.25e-06, 0, 0, 0, 0, 
25, 0.999956, 0.999956, 0.999956, 0.0723125, 0.999956, 0.999949, 0.978904, 0.00015625, 0.0127688, 0, 0.999956, 0.730236, 0.592409, 4.625e-05, 0.999956, 0.0051425, 0.00147625, 0, 3.75e-06, 0, 0.999956, 0.999956, 0.999955, 0.000585, 0.999956, 0.0906488, 0.0271587, 2.5e-06, 9.875e-05, 0, 0.999956, 0.0147838, 0.0116762, 1.25e-06, 0.822466, 7e-05, 3e-05, 0, 0, 0, 0.99444, 0.00042375, 0.0002825, 0, 0.0465087, 1.25e-06, 0, 0, 0, 0, 
26, 0.999956, 0.999956, 0.999956, 0.0795887, 0.999956, 0.999954, 0.984466, 0.00018625, 0.0138213, 0, 0.999956, 0.764619, 0.621117, 5.125e-05, 0.999956, 0.00596375, 0.0016775, 0, 3.75e-06, 0, 0.999956, 0.999956, 0.999956, 0.00068625, 0.999956, 0.104082, 0.0304275, 3.75e-06, 0.00010625, 0, 0.999956, 0.0178013, 0.0141875, 1.25e-06, 0.875719, 0.0001025, 4e-05, 0, 0, 0, 0.996325, 0.0005075, 0.00035375, 0, 0.0562475, 1.25e-06, 0, 0, 0, 0, 
27, 0.999956, 0.999956, 0.999956, 0.087095, 0.999956, 0.999955, 0.988783, 0.00021375, 0.0148125, 0, 0.999956, 0.796332, 0.648647, 5.625e-05, 0.999956, 0.00693125, 0.00189875, 0, 3.75e-06, 0, 0.999956, 0.999956, 0.999956, 0.000795, 0.999956, 0.118601, 0.0340162, 5e-06, 0.0001175, 0, 0.999956, 0.0214238, 0.0172488, 1.25e-06, 0.919262, 0.00014625, 6e-05, 0, 0, 0, 0.997564, 0.00062125, 0.000435, 0, 0.067695, 1.25e-06, 0, 0, 0, 0, 
28, 0.999956, 0.999956, 0.999956, 0.0952038, 0.999956, 0.999955, 0.991952, 0.00025125, 0.0159325, 0, 0.999956, 0.825847, 0.675591, 6.75e-05, 0.999956, 0.00797, 0.0021325, 0, 6.25e-06, 0, 0.999956, 0.999956, 0.999956, 0.0009, 0.999956, 0.134826, 0.0378288, 6.25e-06, 0.0001325, 0, 0.999956, 0.0258175, 0.0209175, 2.5e-06, 0.951653, 0.00020125, 7.375e-05, 0, 0, 0, 0.998473, 0.00075375, 0.00055375, 0, 0.08102, 2.5e-06, 1.25e-06, 0, 0, 0, 
29, 0.999956, 0.999956, 0.999956, 0.104006, 0.999956, 0.999956, 0.99434, 0.00028, 0.0170713, 0, 0.999956, 0.853008, 0.701186, 7.375e-05, 0.999956, 0.00908875, 0.00236375, 0, 6.25e-06, 0, 0.999956, 0.999956, 0.999956, 0.00105, 0.999956, 0.152195, 0.04196, 6.25e-06, 0.00014375, 0, 0.999956, 0.03103, 0.02528, 2.5e-06, 0.973738, 0.0002625, 8.875e-05, 0, 0, 0, 0.999025, 0.00090125, 0.00067375, 0, 0.0967087, 5e-06, 3.75e-06, 0, 0, 0, 
30, 0.999956, 0.999956, 0.999956, 0.113459, 0.999956, 0.999956, 0.996034, 0.00032875, 0.01824, 0, 0.999956, 0.876891, 0.725398, 8.5e-05, 0.999956, 0.0103275, 0.0026375, 1.25e-06, 7.5e-06, 0, 0.999956, 0.999956, 0.999956, 0.00121875, 0.999956, 0.171665, 0.0463362, 7.5e-06, 0.00016875, 0, 0.999956, 0.0371825, 0.030395, 5e-06, 0.987369, 0.00032625, 0.00011, 0, 0, 0, 0.999377, 0.00107375, 0.00084375, 0, 0.114797, 8.75e-06, 5e-06, 0, 0, 0, 
31, 0.999956, 0.999956, 0.999956, 0.123388, 0.999956, 0.999956, 0.997254, 0.00036625, 0.0194988, 0, 0.999956, 0.898254, 0.748149, 9.5e-05, 0.999956, 0.0117163, 0.00290625, 1.25e-06, 7.5e-06, 0, 0.999956, 0.999956, 0.999956, 0.001395, 0.999956, 0.192786, 0.0511062, 7.5e-06, 0.0001875, 0, 0.999956, 0.044565, 0.0367512, 5e-06, 0.994608, 0.000425, 0.0001325, 0, 0, 0, 0.9996, 0.00128875, 0.00103375, 0, 0.135805, 1.125e-05, 8.75e-06, 0, 0, 0, 
32, 0.999956, 0.999956, 0.999956, 0.133789, 0.999956, 0.999956, 0.998115, 0.00041625, 0.0207288, 0, 0.999956, 0.917255, 0.769806, 0.000105, 0.999956, 0.0132175, 0.003185, 1.25e-06, 8.75e-06, 0, 0.999956, 0.999956, 0.999956, 0.00157375, 0.999956, 0.215388, 0.0561238, 7.5e-06, 0.00020375, 0, 0.999956, 0.0533063, 0.0443837, 6.25e-06, 0.998025, 0.00057625, 0.000175, 0, 0, 0, 0.99975, 0.00153875, 0.001235, 0, 0.159801, 1.5e-05, 1e-05, 0, 0, 0, 
33, 0.999956, 0.999956, 0.999956, 0.144758, 0.999956, 0.999956, 0.99871, 0.00046875, 0.0220238, 0, 0.999956, 0.933661, 0.789961, 0.00010875, 0.999956, 0.0149525, 0.003485, 1.25e-06, 8.75e-06, 0, 0.999956, 0.999956, 0.999956, 0.00177375, 0.999956, 0.239607, 0.0613675, 8.75e-06, 0.0002175, 0, 0.999956, 0.0634963, 0.053565, 8.75e-06, 0.999346, 0.00072, 0.00022625, 0, 0, 0, 0.999824, 0.00185625, 0.0015, 0, 0.187264, 1.875e-05, 1e-05, 0, 0, 0, 
34, 0.999956, 0.999956, 0.999956, 0.15627, 0.999956, 0.999956, 0.999124, 0.00052625, 0.0233862, 0, 0.999956, 0.947574, 0.809155, 0.0001225, 0.999956, 0.016925, 0.003825, 1.25e-06, 1.375e-05, 0, 0.999956, 0.999956, 0.999956, 0.002005, 0.999956, 0.265843, 0.066885, 1e-05, 0.0002425, 0, 0.999956, 0.0756875, 0.0643988, 1e-05, 0.999826, 0.00091875, 0.00028, 0, 0, 0, 0.99988, 0.00222125, 0.001815, 0, 0.218159, 2.5e-05, 1.125e-05, 0, 0, 0, 
35, 0.999956, 0.999956, 0.999956, 0.168604, 0.999956, 0.999956, 0.999439, 0.00057875, 0.0248913, 0, 0.999956, 0.959301, 0.827215, 0.00013875, 0.999956, 0.0190525, 0.004165, 1.25e-06, 1.5e-05, 0, 0.999956, 0.999956, 0.999956, 0.0022625, 0.999956, 0.293766, 0.0727775, 1e-05, 0.00026375, 0, 0.999956, 0.0904612, 0.07764, 1.125e-05, 0.999922, 0.00116625, 0.000335, 0, 0, 0, 0.999914, 0.00267875, 0.00222, 0, 0.253194, 3.125e-05, 1.125e-05, 0, 0, 0, 
36, 0.999956, 0.999956, 0.999956, 0.181561, 0.999956, 0.999956, 0.999616, 0.0006325, 0.0262812, 0, 0.999956, 0.968969, 0.843804, 0.00015625, 0.999956, 0.0213937, 0.00450625, 1.25e-06, 1.5e-05, 0, 0.999956, 0.999956, 0.999956, 0.0025375, 0.999956, 0.32306, 0.0788475, 1e-05, 0.0002875, 0, 0.999956, 0.108036, 0.09337, 1.375e-05, 0.999951, 0.0014775, 0.000415, 0, 0, 0, 0.999926, 0.003215, 0.00273625, 0, 0.291916, 3.5e-05, 1.25e-05, 0, 0, 0, 
37, 0.999956, 0.999956, 0.999956, 0.195171, 0.999956, 0.999956, 0.99975, 0.0007025, 0.0277013, 0, 0.999956, 0.976671, 0.859026, 0.00017375, 0.999956, 0.0240213, 0.00487625, 1.25e-06, 1.5e-05, 0, 0.999956, 0.999956, 0.999956, 0.00286625, 0.999956, 0.354298, 0.0853012, 1.125e-05, 0.00032125, 1.25e-06, 0.999956, 0.128469, 0.112032, 1.75e-05, 0.999956, 0.00187375, 0.00051125, 0, 0, 0, 0.999935, 0.003845, 0.00330875, 0, 0.334158, 4.25e-05, 1.625e-05, 0, 0, 0, 
38, 0.999956, 0.999956, 0.999956, 0.209233, 0.999956, 0.999956, 0.999819, 0.0007775, 0.0291288, 0, 0.999956, 0.982868, 0.873071, 0.0001975, 0.999956, 0.0268825, 0.0053125, 1.25e-06, 1.625e-05, 0, 0.999956, 0.999956, 0.999956, 0.00321875, 0.999956, 0.386719, 0.092055, 1.25e-05, 0.00034, 1.25e-06, 0.999956, 0.152579, 0.134169, 2.375e-05, 0.999956, 0.00233875, 0.00064, 0, 0, 0, 0.999948, 0.0046275, 0.003975, 0, 0.379019, 5.875e-05, 1.75e-05, 0, 0, 0, 
39, 0.999956, 0.999956, 0.999956, 0.224055, 0.999956, 0.999956, 0.99987, 0.00089125, 0.0306687, 1.25e-06, 0.999956, 0.98771, 0.886199, 0.00021875, 0.999956, 0.0299825, 0.0057575, 2.5e-06, 1.625e-05, 0, 0.999956, 0.999956, 0.999956, 0.0036025, 0.999956, 0.42055, 0.0991963, 1.25e-05, 0.00037625, 1.25e-06, 0.999956, 0.180633, 0.160618, 3.375e-05, 0.999956, 0.002915, 0.00081875, 0, 0, 0, 0.999955, 0.0055325, 0.0048325, 0, 0.427069, 8.375e-05, 2.125e-05, 0, 0, 0, 
40, 0.999956, 0.999956, 0.999956, 0.239792, 0.999956, 0.999956, 0.9999, 0.0009925, 0.0322113, 2.5e-06, 0.999956, 0.991387, 0.898286, 0.00024, 0.999956, 0.0332675, 0.00621625, 2.5e-06, 1.625e-05, 0, 0.999956, 0.999956, 0.999956, 0.00406625, 0.999956, 0.455945, 0.106667, 1.5e-05, 0.000405, 1.25e-06, 0.999956, 0.213065, 0.191894, 4e-05, 0.999956, 0.00360375, 0.00096625, 0, 1.25e-06, 0, 0.999955, 0.00664, 0.0058875, 0, 0.476291, 9.75e-05, 2.625e-05, 0, 0, 0, 
41, 0.999956, 0.999956, 0.999956, 0.256004, 0.999956, 0.999956, 0.99992, 0.0011175, 0.0337713, 3.75e-06, 0.999956, 0.994049, 0.90935, 0.00026125, 0.999956, 0.0370388, 0.0067275, 2.5e-06, 1.75e-05, 0, 0.999956, 0.999956, 0.999956, 0.0045275, 0.999956, 0.4923, 0.114315, 1.875e-05, 0.00043125, 1.25e-06, 0.999956, 0.250689, 0.227803, 4.875e-05, 0.999956, 0.00448125, 0.001215, 0, 1.25e-06, 0, 0.999956, 0.00806875, 0.00713625, 0, 0.527275, 0.0001075, 3.625e-05, 0, 1.25e-06, 0, 
42, 0.999956, 0.999956, 0.999956, 0.273264, 0.999956, 0.999956, 0.999936, 0.00122, 0.0353712, 3.75e-06, 0.999956, 0.996058, 0.919395, 0.0002925, 0.999956, 0.041195, 0.00718375, 2.5e-06, 1.875e-05, 0, 0.999956, 0.999956, 0.999956, 0.005035, 0.999956, 0.529417, 0.122194, 2e-05, 0.00046875, 1.25e-06, 0.999956, 0.293884, 0.269309, 6.125e-05, 0.999956, 0.0055825, 0.0014975, 0, 1.25e-06, 0, 0.999956, 0.00968875, 0.00866125, 0, 0.578004, 0.0001375, 4.375e-05, 0, 1.25e-06, 0, 
43, 0.999956, 0.999956, 0.999956, 0.290942, 0.999956, 0.999956, 0.999943, 0.00136375, 0.0369813, 3.75e-06, 0.999956, 0.997436, 0.928521, 0.00033625, 0.999956, 0.04572, 0.0077275, 2.5e-06, 1.875e-05, 0, 0.999956, 0.999956, 0.999956, 0.00560125, 0.999956, 0.566539, 0.130491, 2.125e-05, 0.00051125, 1.25e-06, 0.999956, 0.342585, 0.316909, 7.75e-05, 0.999956, 0.00685125, 0.00188875, 0, 2.5e-06, 0, 0.999956, 0.01165, 0.0105188, 0, 0.628345, 0.00016125, 5.875e-05, 0, 1.25e-06, 0, 
44, 0.999955, 0.999955, 0.999955, 0.309531, 0.999955, 0.999955, 0.999943, 0.001525, 0.0386925, 3.75e-06, 0.999955, 0.998362, 0.936826, 0.00036875, 0.999955, 0.0506325, 0.00826625, 2.5e-06, 2.125e-05, 0, 0.999955, 0.999955, 0.999955, 0.00617625, 0.999955, 0.604635, 0.139155, 2.875e-05, 0.00055125, 1.25e-06, 0.999955, 0.398103, 0.371368, 0.00010625, 0.999955, 0.00850125, 0.00234625, 0, 5e-06, 0, 0.999955, 0.0140287, 0.01283, 2.5e-06, 0.676629, 0.0002, 7.5e-05, 0, 1.25e-06, 0, 
45, 0.999955, 0.999955, 0.999955, 0.328894, 0.999955, 0.999955, 0.99995, 0.00168, 0.040395, 5e-06, 0.999955, 0.998975, 0.94441, 0.00040125, 0.999955, 0.0559275, 0.00880125, 2.5e-06, 2.25e-05, 0, 0.999955, 0.999955, 0.999955, 0.0068975, 0.999955, 0.642103, 0.148163, 3.25e-05, 0.00060125, 1.25e-06, 0.999955, 0.457907, 0.430802, 0.00013375, 0.999955, 0.0104738, 0.00289625, 0, 6.25e-06, 0, 0.999955, 0.0169337, 0.01557, 2.5e-06, 0.723141, 0.00024, 9e-05, 0, 1.25e-06, 0, 
46, 0.999955, 0.999955, 0.999955, 0.348904, 0.999955, 0.999955, 0.999954, 0.00187125, 0.0420413, 5e-06, 0.999955, 0.999349, 0.951283, 0.00045, 0.999955, 0.0615825, 0.00941125, 2.5e-06, 2.375e-05, 0, 0.999955, 0.999955, 0.999955, 0.0076575, 0.999955, 0.679735, 0.157392, 3.5e-05, 0.0006375, 1.25e-06, 0.999955, 0.522473, 0.495819, 0.00017125, 0.999955, 0.0127913, 0.00362875, 0, 1e-05, 0, 0.999955, 0.0203975, 0.0188225, 2.5e-06, 0.765921, 0.00031375, 0.0001025, 0, 1.25e-06, 0, 
47, 0.999955, 0.999955, 0.999955, 0.369844, 0.999955, 0.999955, 0.999954, 0.00206625, 0.0437375, 5e-06, 0.999955, 0.999613, 0.957332, 0.00048375, 0.999955, 0.0678513, 0.0100425, 2.5e-06, 2.375e-05, 0, 0.999955, 0.999955, 0.999955, 0.00843, 0.999955, 0.716383, 0.166766, 3.875e-05, 0.0006825, 1.25e-06, 0.999955, 0.590716, 0.564889, 0.00022125, 0.999955, 0.015685, 0.0044525, 0, 1.625e-05, 0, 0.999955, 0.0245975, 0.0229287, 2.5e-06, 0.804875, 0.00040125, 0.000125, 0, 1.25e-06, 0, 
48, 0.999955, 0.999955, 0.999955, 0.391313, 0.999955, 0.999955, 0.999954, 0.00226875, 0.0456088, 5e-06, 0.999955, 0.999761, 0.962726, 0.00052875, 0.999955, 0.0746388, 0.0106838, 2.5e-06, 2.375e-05, 0, 0.999955, 0.999955, 0.999955, 0.0092675, 0.999955, 0.75111, 0.176683, 4.125e-05, 0.00073, 1.25e-06, 0.999955, 0.659821, 0.636262, 0.0002875, 0.999955, 0.0191638, 0.0055575, 0, 2.125e-05, 0, 0.999955, 0.0296038, 0.0277712, 6.25e-06, 0.839909, 0.0005125, 0.00015, 0, 1.25e-06, 0, 
49, 0.999955, 0.999955, 0.999955, 0.41331, 0.999955, 0.999955, 0.999955, 0.00248875, 0.0475125, 5e-06, 0.999955, 0.999841, 0.967565, 0.00057875, 0.999955, 0.0821562, 0.0113363, 2.5e-06, 2.375e-05, 0, 0.999955, 0.999955, 0.999955, 0.0102038, 0.999955, 0.783854, 0.18676, 4.375e-05, 0.00076875, 1.25e-06, 0.999955, 0.727905, 0.707541, 0.00036125, 0.999955, 0.0232937, 0.0069525, 0, 2.375e-05, 0, 0.999955, 0.0354988, 0.0335713, 7.5e-06, 0.870727, 0.00065625, 0.00017875, 0, 1.25e-06, 0, 
50, 0.999955, 0.999955, 0.999955, 0.435972, 0.999955, 0.999955, 0.999955, 0.0027375, 0.0493912, 7.5e-06, 0.999955, 0.999895, 0.971745, 0.0006475, 0.999955, 0.0901638, 0.0120375, 2.5e-06, 3e-05, 0, 0.999955, 0.999955, 0.999955, 0.011225, 0.999955, 0.815025, 0.197122, 4.625e-05, 0.00081125, 1.25e-06, 0.999955, 0.792091, 0.775019, 0.0004625, 0.999955, 0.0284425, 0.00844375, 1.25e-06, 3.125e-05, 0, 0.999955, 0.0425662, 0.0407275, 7.5e-06, 0.897329, 0.0007925, 0.00022375, 0, 1.25e-06, 0, 
51, 0.999955, 0.999955, 0.999955, 0.459341, 0.999955, 0.999955, 0.999955, 0.00302625, 0.0513237, 7.5e-06, 0.999955, 0.999931, 0.975497, 0.00072125, 0.999955, 0.0986825, 0.0127613, 3.75e-06, 3.25e-05, 0, 0.999955, 0.999955, 0.999955, 0.0122837, 0.999955, 0.843944, 0.207876, 5.5e-05, 0.00086375, 1.25e-06, 0.999955, 0.849459, 0.836407, 0.0005675, 0.999955, 0.0344913, 0.010435, 3.75e-06, 3.75e-05, 0, 0.999955, 0.0511613, 0.0490712, 1e-05, 0.919545, 0.000995, 0.00028625, 0, 1.25e-06, 0, 
52, 0.999955, 0.999955, 0.999955, 0.483114, 0.999955, 0.999955, 0.999955, 0.00335125, 0.0532738, 7.5e-06, 0.999955, 0.999943, 0.978765, 0.00078125, 0.999955, 0.107868, 0.0135775, 3.75e-06, 3.375e-05, 0, 0.999955, 0.999955, 0.999955, 0.01355, 0.999955, 0.870398, 0.218805, 6e-05, 0.0009075, 1.25e-06, 0.999955, 0.898296, 0.888686, 0.00072125, 0.999955, 0.04188, 0.0128537, 5e-06, 4.875e-05, 0, 0.999955, 0.0614688, 0.0591637, 1.375e-05, 0.93805, 0.00122375, 0.00036375, 0, 2.5e-06, 0, 
53, 0.999955, 0.999955, 0.999955, 0.507426, 0.999955, 0.999955, 0.999955, 0.0036825, 0.0552675, 7.5e-06, 0.999955, 0.99995, 0.98164, 0.00086125, 0.999955, 0.117809, 0.0144537, 3.75e-06, 3.375e-05, 0, 0.999955, 0.999955, 0.999955, 0.0148875, 0.999955, 0.894044, 0.230093, 7.25e-05, 0.00095625, 1.25e-06, 0.999955, 0.936436, 0.93012, 0.0009325, 0.999955, 0.05063, 0.0158425, 6.25e-06, 5.375e-05, 0, 0.999955, 0.0736225, 0.0711075, 1.5e-05, 0.952887, 0.00149125, 0.0004425, 0, 3.75e-06, 0, 
54, 0.999955, 0.999955, 0.999955, 0.532116, 0.999955, 0.999955, 0.999955, 0.00405375, 0.0573287, 7.5e-06, 0.999955, 0.999954, 0.984274, 0.00093875, 0.999955, 0.1287, 0.0152438, 5e-06, 3.875e-05, 0, 0.999955, 0.999955, 0.999955, 0.01643, 0.999955, 0.914825, 0.24153, 8.125e-05, 0.00098875, 1.25e-06, 0.999955, 0.96389, 0.95984, 0.0012025, 0.999955, 0.0614762, 0.01951, 7.5e-06, 6.625e-05, 0, 0.999955, 0.087925, 0.0853637, 2.125e-05, 0.964818, 0.0018125, 0.00054875, 0, 3.75e-06, 0, 
55, 0.999955, 0.999955, 0.999955, 0.557136, 0.999955, 0.999955, 0.999955, 0.004475, 0.0593212, 8.75e-06, 0.999955, 0.999955, 0.986444, 0.00103625, 0.999955, 0.140302, 0.0161263, 5e-06, 4.25e-05, 0, 0.999955, 0.999955, 0.999955, 0.0180163, 0.999955, 0.932914, 0.253331, 9.125e-05, 0.00103125, 1.25e-06, 0.999955, 0.981728, 0.979302, 0.00149375, 0.999955, 0.0742975, 0.024005, 8.75e-06, 8.625e-05, 0, 0.999955, 0.104721, 0.101907, 3e-05, 0.974143, 0.00221, 0.00068125, 1.25e-06, 3.75e-06, 0, 
56, 0.999955, 0.999955, 0.999955, 0.582859, 0.999955, 0.999955, 0.999955, 0.00490875, 0.0614125, 8.75e-06, 0.999955, 0.999955, 0.988409, 0.00114, 0.999955, 0.152891, 0.0170187, 5e-06, 4.5e-05, 0, 0.999955, 0.999955, 0.999955, 0.0197437, 0.999955, 0.948474, 0.26547, 0.00010125, 0.00108, 1.25e-06, 0.999955, 0.991929, 0.990626, 0.00185625, 0.999955, 0.0898912, 0.0294325, 1.125e-05, 0.00011125, 0, 0.999955, 0.124507, 0.121653, 3.875e-05, 0.981291, 0.00264, 0.0008225, 1.25e-06, 5e-06, 0, 
57, 0.999955, 0.999955, 0.999955, 0.60832, 0.999955, 0.999955, 0.999955, 0.00535, 0.0635862, 8.75e-06, 0.999955, 0.999955, 0.990106, 0.00122625, 0.999955, 0.166338, 0.0179538, 5e-06, 5e-05, 0, 0.999955, 0.999955, 0.999955, 0.02154, 0.999955, 0.961273, 0.277509, 0.00010875, 0.001145, 1.25e-06, 0.999955, 0.996768, 0.996362, 0.00232625, 0.999955, 0.108509, 0.0362063, 1.375e-05, 0.0001375, 0, 0.999955, 0.147575, 0.144301, 5e-05, 0.986707, 0.00321, 0.0010325, 1.25e-06, 5e-06, 0, 
58, 0.999955, 0.999955, 0.999955, 0.633891, 0.999955, 0.999955, 0.999955, 0.00586125, 0.0656913, 8.75e-06, 0.999955, 0.999955, 0.991562, 0.00135875, 0.999955, 0.180771, 0.0188837, 6.25e-06, 5.25e-05, 0, 0.999955, 0.999955, 0.999955, 0.0236275, 0.999955, 0.9716, 0.289784, 0.0001225, 0.00121125, 1.25e-06, 0.999955, 0.998921, 0.998809, 0.00286875, 0.999955, 0.130644, 0.04445, 2e-05, 0.000175, 0, 0.999955, 0.173814, 0.170351, 7.25e-05, 0.990775, 0.00391875, 0.00127625, 1.25e-06, 5e-06, 0, 
59, 0.999955, 0.999955, 0.999955, 0.659265, 0.999955, 0.999955, 0.999955, 0.00641375, 0.0678437, 1.25e-05, 0.999955, 0.999955, 0.992865, 0.00150125, 0.999955, 0.196293, 0.0198825, 6.25e-06, 5.625e-05, 0, 0.999955, 0.999955, 0.999955, 0.0258062, 0.999955, 0.979563, 0.302508, 0.0001375, 0.00126375, 1.25e-06, 0.999955, 0.999666, 0.999659, 0.0035375, 0.999955, 0.156589, 0.0543425, 2.5e-05, 0.0002175, 0, 0.999955, 0.20385, 0.20029, 9.25e-05, 0.993641, 0.00475375, 0.00157125, 1.25e-06, 5e-06, 0, 
60, 0.999955, 0.999955, 0.999955, 0.684576, 0.999955, 0.999955, 0.999955, 0.007035, 0.0699875, 1.25e-05, 0.999955, 0.999955, 0.993977, 0.001645, 0.999955, 0.213115, 0.02091, 6.25e-06, 5.875e-05, 0, 0.999955, 0.999955, 0.999955, 0.0281887, 0.999955, 0.985755, 0.315289, 0.00015125, 0.0013225, 1.25e-06, 0.999955, 0.999894, 0.999895, 0.0043225, 0.999955, 0.187479, 0.0664862, 3.625e-05, 0.00027375, 0, 0.999955, 0.237754, 0.233464, 0.0001175, 0.99559, 0.00572625, 0.00193625, 1.25e-06, 8.75e-06, 0, 
61, 0.999955, 0.999955, 0.999955, 0.709539, 0.999955, 0.999955, 0.999955, 0.00767625, 0.0722475, 1.625e-05, 0.999955, 0.999955, 0.994862, 0.00181, 0.999955, 0.230775, 0.0219525, 7.5e-06, 6.375e-05, 0, 0.999955, 0.999955, 0.999955, 0.0308663, 0.999955, 0.990401, 0.328184, 0.000165, 0.00139125, 1.25e-06, 0.999955, 0.999945, 0.99994, 0.00535125, 0.999955, 0.222806, 0.0813113, 5.375e-05, 0.000335, 0, 0.999955, 0.274876, 0.270518, 0.00014875, 0.997015, 0.0069525, 0.0023225, 2.5e-06, 1.125e-05, 0, 
62, 0.999955, 0.999955, 0.999955, 0.734021, 0.999955, 0.999955, 0.999955, 0.00835, 0.0745263, 1.75e-05, 0.999955, 0.999955, 0.995722, 0.001995, 0.999955, 0.249373, 0.0229825, 7.5e-06, 7e-05, 0, 0.999955, 0.999955, 0.999955, 0.0337775, 0.999955, 0.993783, 0.341461, 0.00018625, 0.001455, 1.25e-06, 0.999955, 0.999954, 0.999954, 0.00658875, 0.999955, 0.264151, 0.099285, 6.25e-05, 0.00041625, 1.25e-06, 0.999955, 0.316097, 0.311389, 0.00018, 0.998023, 0.0084575, 0.002875, 2.5e-06, 1.25e-05, 0, 
63, 0.999955, 0.999955, 0.999955, 0.757765, 0.999955, 0.999955, 0.999955, 0.0091, 0.0768437, 1.875e-05, 0.999955, 0.999955, 0.996401, 0.002165, 0.999955, 0.268944, 0.0241188, 1e-05, 7.5e-05, 0, 0.999955, 0.999955, 0.999955, 0.036835, 0.999955, 0.996139, 0.354919, 0.00021125, 0.00154375, 1.25e-06, 0.999955, 0.999955, 0.999955, 0.008135, 0.999955, 0.311671, 0.120509, 9.5e-05, 0.0005275, 1.25e-06, 0.999955, 0.360776, 0.355369, 0.00023125, 0.998706, 0.0102537, 0.00361, 3.75e-06, 1.5e-05, 0, 
64, 0.999955, 0.999955, 0.999955, 0.780971, 0.999955, 0.999955, 0.999955, 0.0099275, 0.07927, 2.375e-05, 0.999955, 0.999955, 0.996993, 0.00237375, 0.999955, 0.289901, 0.0253275, 1.125e-05, 7.625e-05, 0, 0.999955, 0.999955, 0.999955, 0.0402213, 0.999955, 0.99768, 0.368222, 0.0002325, 0.00161375, 1.25e-06, 0.999955, 0.999955, 0.999955, 0.00987875, 0.999955, 0.365667, 0.145888, 0.00011875, 0.0006625, 1.25e-06, 0.999955, 0.407795, 0.402481, 0.0002675, 0.999169, 0.0124338, 0.00442875, 3.75e-06, 1.875e-05, 0, 
65, 0.999955, 0.999955, 0.999955, 0.803412, 0.999955, 0.999955, 0.999955, 0.0108575, 0.08159, 2.875e-05, 0.999955, 0.999955, 0.997511, 0.00259375, 0.999955, 0.311999, 0.0265412, 1.375e-05, 8.25e-05, 0, 0.999955, 0.999955, 0.999955, 0.0439287, 0.999955, 0.998669, 0.381748, 0.00025375, 0.00170125, 1.25e-06, 0.999955, 0.999955, 0.999955, 0.0120588, 0.999955, 0.425227, 0.176102, 0.0001525, 0.00084125, 2.5e-06, 0.999955, 0.457124, 0.451535, 0.00033125, 0.999458, 0.01521, 0.005395, 3.75e-06, 2.5e-05, 0, 
66, 0.999955, 0.999955, 0.999955, 0.82503, 0.999955, 0.999955, 0.999955, 0.0117988, 0.0840675, 3.5e-05, 0.999955, 0.999955, 0.997903, 0.00280125, 0.999955, 0.334976, 0.0277687, 1.5e-05, 8.875e-05, 0, 0.999955, 0.999955, 0.999955, 0.0478387, 0.999955, 0.999246, 0.395809, 0.0002725, 0.00176875, 1.25e-06, 0.999955, 0.999955, 0.999955, 0.0147213, 0.999955, 0.490364, 0.211636, 0.0001925, 0.0010275, 2.5e-06, 0.999955, 0.50801, 0.503117, 0.00039125, 0.999651, 0.0184913, 0.00658375, 3.75e-06, 2.625e-05, 0, 
67, 0.999955, 0.999955, 0.999955, 0.84543, 0.999955, 0.999955, 0.999955, 0.0129313, 0.0865262, 3.625e-05, 0.999955, 0.999955, 0.998271, 0.00301, 0.999955, 0.35947, 0.0289688, 1.625e-05, 9e-05, 0, 0.999955, 0.999955, 0.999955, 0.052075, 0.999955, 0.9996, 0.40935, 0.0003, 0.00183125, 1.25e-06, 0.999955, 0.999955, 0.999955, 0.0179712, 0.999955, 0.559174, 0.253176, 0.00027125, 0.001265, 2.5e-06, 0.999955, 0.559262, 0.55438, 0.00047375, 0.999762, 0.022375, 0.0080175, 3.75e-06, 2.875e-05, 0, 
68, 0.999955, 0.999955, 0.999955, 0.864675, 0.999955, 0.999955, 0.999955, 0.0140263, 0.0891113, 4.25e-05, 0.999955, 0.999955, 0.998601, 0.00330625, 0.999955, 0.384846, 0.0302587, 1.75e-05, 9.375e-05, 0, 0.999955, 0.999955, 0.999955, 0.0566263, 0.999955, 0.999774, 0.423289, 0.0003375, 0.00189875, 1.25e-06, 0.999955, 0.999955, 0.999955, 0.0218537, 0.999955, 0.63058, 0.300673, 0.0003425, 0.00155125, 3.75e-06, 0.999955, 0.609851, 0.605607, 0.0005725, 0.999838, 0.0272075, 0.00983875, 3.75e-06, 3.875e-05, 0, 
69, 0.999955, 0.999955, 0.999955, 0.882574, 0.999955, 0.999955, 0.999955, 0.0153063, 0.0915575, 5e-05, 0.999955, 0.999955, 0.998864, 0.00360375, 0.999955, 0.411314, 0.0315125, 1.875e-05, 0.0001, 0, 0.999955, 0.999955, 0.999955, 0.0615762, 0.999955, 0.999865, 0.437279, 0.000375, 0.00198875, 1.25e-06, 0.999955, 0.999955, 0.999955, 0.0265162, 0.999955, 0.701536, 0.354746, 0.0004525, 0.0018925, 6.25e-06, 0.999955, 0.659414, 0.655447, 0.00071375, 0.99989, 0.032875, 0.0119913, 6.25e-06, 5.25e-05, 0, 
70, 0.999955, 0.999955, 0.999955, 0.899061, 0.999955, 0.999955, 0.999955, 0.016675, 0.0941987, 5.375e-05, 0.999955, 0.999955, 0.999043, 0.00392125, 0.999955, 0.439135, 0.03285, 2e-05, 0.000105, 0, 0.999955, 0.999955, 0.999955, 0.0668375, 0.999955, 0.999905, 0.451399, 0.0004175, 0.00208125, 1.25e-06, 0.999955, 0.999955, 0.999955, 0.0319588, 0.999955, 0.769197, 0.415435, 0.000575, 0.00229375, 8.75e-06, 0.999955, 0.706869, 0.702767, 0.0009075, 0.999913, 0.03981, 0.0147262, 8.75e-06, 6.125e-05, 0, 
71, 0.999955, 0.999955, 0.999955, 0.914171, 0.999955, 0.999955, 0.999955, 0.0181563, 0.0966713, 5.875e-05, 0.999955, 0.999955, 0.999211, 0.00429375, 0.999955, 0.467512, 0.034275, 2.25e-05, 0.00011, 0, 0.999955, 0.999955, 0.999955, 0.0725013, 0.999955, 0.999933, 0.465579, 0.00045875, 0.00216625, 1.25e-06, 0.999955, 0.999955, 0.999955, 0.0384025, 0.999955, 0.830707, 0.48144, 0.00070125, 0.00280375, 8.75e-06, 0.999955, 0.751032, 0.74757, 0.00110375, 0.999929, 0.0479263, 0.0180412, 1.25e-05, 7e-05, 0, 
72, 0.999955, 0.999955, 0.999955, 0.927905, 0.999955, 0.999955, 0.999955, 0.0196862, 0.0992263, 6.625e-05, 0.999955, 0.999955, 0.999345, 0.00470375, 0.999955, 0.496421, 0.0356187, 2.625e-05, 0.0001125, 0, 0.999955, 0.999955, 0.999955, 0.0786787, 0.999955, 0.999949, 0.479587, 0.00050625, 0.00223875, 1.25e-06, 0.999955, 0.999955, 0.999955, 0.046255, 0.999955, 0.883961, 0.551748, 0.0008475, 0.003425, 8.75e-06, 0.999955, 0.792107, 0.788826, 0.00133875, 0.999941, 0.0577388, 0.021885, 1.625e-05, 9e-05, 0, 
73, 0.999955, 0.999955, 0.999955, 0.940004, 0.999955, 0.999955, 0.999955, 0.02141, 0.101818, 7.25e-05, 0.999955, 0.999955, 0.999462, 0.005125, 0.999955, 0.526091, 0.0371063, 3e-05, 0.0001175, 0, 0.999955, 0.999955, 0.999955, 0.0852538, 0.999955, 0.999953, 0.493528, 0.00056625, 0.0023175, 1.25e-06, 0.999955, 0.999955, 0.999955, 0.0555225, 0.999955, 0.925784, 0.623805, 0.001075, 0.0042025, 8.75e-06, 0.999955, 0.828117, 0.825426, 0.001625, 0.999948, 0.06923, 0.02651, 2.375e-05, 0.00010625, 0, 
74, 0.999955, 0.999955, 0.999955, 0.950732, 0.999955, 0.999955, 0.999955, 0.02328, 0.104441, 7.75e-05, 0.999955, 0.999955, 0.999552, 0.0055475, 0.999955, 0.556381, 0.0385512, 3.125e-05, 0.0001225, 0, 0.999955, 0.999955, 0.999955, 0.0923375, 0.999955, 0.999955, 0.507794, 0.000615, 0.00240125, 1.25e-06, 0.999955, 0.999955, 0.999955, 0.0667637, 0.999955, 0.956766, 0.696385, 0.00134375, 0.00517625, 1.125e-05, 0.999955, 0.860268, 0.857967, 0.00194375, 0.999951, 0.083095, 0.0322275, 3.25e-05, 0.000125, 0, 
75, 0.999955, 0.999955, 0.999955, 0.960355, 0.999955, 0.999955, 0.999955, 0.0253487, 0.107114, 7.875e-05, 0.999955, 0.999955, 0.999634, 0.00602125, 0.999955, 0.587342, 0.0400313, 3.5e-05, 0.0001325, 0, 0.999955, 0.999955, 0.999955, 0.0999825, 0.999955, 0.999955, 0.521855, 0.0006925, 0.0025075, 1.25e-06, 0.999955, 0.999955, 0.999955, 0.08007, 0.999955, 0.977581, 0.765453, 0.0016725, 0.00635375, 1.5e-05, 0.999955, 0.888455, 0.88588, 0.00234125, 0.999954, 0.0994513, 0.0391763, 3.625e-05, 0.00016125, 0, 
76, 0.999955, 0.999955, 0.999955, 0.9684, 0.999955, 0.999955, 0.999955, 0.02765, 0.109744, 9.125e-05, 0.999955, 0.999955, 0.999689, 0.00656875, 0.999955, 0.618124, 0.0415487, 4e-05, 0.00013375, 0, 0.999955, 0.999955, 0.999955, 0.108206, 0.999955, 0.999955, 0.535867, 0.00076375, 0.00258, 1.25e-06, 0.999955, 0.999955, 0.999955, 0.09591, 0.999955, 0.989483, 0.828501, 0.00208, 0.0077575, 2e-05, 0.999955, 0.912294, 0.909973, 0.00281875, 0.999954, 0.118498, 0.0475175, 4.75e-05, 0.00018875, 0, 
77, 0.999955, 0.999955, 0.999955, 0.975193, 0.999955, 0.999955, 0.999955, 0.0300312, 0.112407, 0.0001025, 0.999955, 0.999955, 0.999746, 0.00715125, 0.999955, 0.649106, 0.043115, 4.375e-05, 0.00014, 0, 0.999955, 0.999955, 0.999955, 0.11706, 0.999955, 0.999955, 0.549595, 0.00084875, 0.00268625, 1.25e-06, 0.999955, 0.999955, 0.999955, 0.115019, 0.999955, 0.995818, 0.882504, 0.002575, 0.00948375, 2.25e-05, 0.999955, 0.93204, 0.930114, 0.0034, 0.999955, 0.140822, 0.05736, 6e-05, 0.00023875, 0, 
78, 0.999955, 0.999955, 0.999955, 0.980874, 0.999955, 0.999955, 0.999955, 0.0324912, 0.115077, 0.00010875, 0.999955, 0.999955, 0.999793, 0.0077625, 0.999955, 0.679474, 0.0447812, 5.25e-05, 0.0001425, 0, 0.999955, 0.999955, 0.999955, 0.126506, 0.999955, 0.999955, 0.563564, 0.00094625, 0.00278375, 1.25e-06, 0.999955, 0.999955, 0.999955, 0.137372, 0.999955, 0.998601, 0.925602, 0.00323375, 0.0114988, 2.875e-05, 0.999955, 0.948117, 0.946651, 0.00409875, 0.999955, 0.166233, 0.0691, 7.875e-05, 0.000295, 0, 
79, 0.999955, 0.999955, 0.999955, 0.9856, 0.999955, 0.999955, 0.999955, 0.0353813, 0.117907, 0.00011875, 0.999955, 0.999955, 0.999812, 0.00846875, 0.999955, 0.709491, 0.0464588, 5.625e-05, 0.00014875, 0, 0.999955, 0.999955, 0.999955, 0.136582, 0.999955, 0.999955, 0.57742, 0.00103125, 0.00286375, 1.25e-06, 0.999955, 0.999955, 0.999955, 0.16398, 0.999955, 0.999577, 0.957124, 0.00401375, 0.0139875, 3.875e-05, 0.999955, 0.961036, 0.959944, 0.00495875, 0.999955, 0.195472, 0.0831437, 0.00010625, 0.0003725, 0, 
80, 0.999955, 0.999955, 0.999955, 0.989175, 0.999955, 0.999955, 0.999955, 0.0384763, 0.120641, 0.00013125, 0.999955, 0.999955, 0.99984, 0.00925, 0.999955, 0.738382, 0.0481388, 6.25e-05, 0.0001525, 0, 0.999955, 0.999955, 0.999955, 0.147154, 0.999955, 0.999955, 0.59106, 0.00113125, 0.003, 1.25e-06, 0.999955, 0.999955, 0.999955, 0.19458, 0.999955, 0.999861, 0.977893, 0.0050025, 0.0170875, 4.625e-05, 0.999955, 0.971165, 0.970368, 0.00595125, 0.999955, 0.228327, 0.099715, 0.0001375, 0.00043875, 1.25e-06, 
